single-href,title,price,image-src,rating
https://www.amazon.in/DJI-CP-RN-00000331-01-Lavalier-Mic/dp/B0CJXR9YZF/ref=sr_1_19?crid=2VRSIGCMNHDZH&dib=eyJ2IjoiMSJ9.hDjBMvT2QWRMFIBmDobL3tmesC4ZJ_EvxddQXU44uVTK3c3kze4H-NtNHRZ8JKWyiqB5oeUKOj_Q7197rSiKGblHU58XaBnmMg9ZYz-m6-mOmuGwpZOQS8p6q34BqTgnGwDAYsxQlcD0CE57eblEf1zWxjM-2dvhVXiXH81sl5ojMAf_l6uZ18V5xLXh4zVeUGUD0vd8WBe-MozglpyWRetdx5zv6scPJuibKmUuU4g.vY2_60nwkyMfXYm99MQeqjKSQcQOtynhioBsI5ch_bY&dib_tag=se&keywords=dji&qid=1748194124&sprefix=dji%2Caps%2C408&sr=8-19,DJI Lavalier Wired Mic,"3,499",https://m.media-amazon.com/images/W/MEDIAX_1215821-T2/images/I/51RUPFzYWNL._SX679_.jpg,4.6
https://www.amazon.in/LEQTRONIQ-Portable-Shoulder-Stabilizer-Accessories/dp/B0F4R1PTBT/ref=sr_1_18?crid=2VRSIGCMNHDZH&dib=eyJ2IjoiMSJ9.hDjBMvT2QWRMFIBmDobL3tmesC4ZJ_EvxddQXU44uVTK3c3kze4H-NtNHRZ8JKWyiqB5oeUKOj_Q7197rSiKGblHU58XaBnmMg9ZYz-m6-mOmuGwpZOQS8p6q34BqTgnGwDAYsxQlcD0CE57eblEf1zWxjM-2dvhVXiXH81sl5ojMAf_l6uZ18V5xLXh4zVeUGUD0vd8WBe-MozglpyWRetdx5zv6scPJuibKmUuU4g.vY2_60nwkyMfXYm99MQeqjKSQcQOtynhioBsI5ch_bY&dib_tag=se&keywords=dji&qid=1748194124&sprefix=dji%2Caps%2C408&sr=8-18,"LEQTRONIQ Osmo Mobile 7P Case,Portable PU Shoulder Bag for DJI OM 7 Pro/7 Gimbal Stabilizer Travel Case for DJI Osmo Mobile 7/7P Accessories","1,499",https://m.media-amazon.com/images/W/MEDIAX_1215821-T2/images/I/81gUprmt25L._SX679_.jpg,4.5
https://www.amazon.in/TELESIN-Polarizing-Neutral-Protective-Accessories/dp/B0BZ436392/ref=sr_1_17?crid=2VRSIGCMNHDZH&dib=eyJ2IjoiMSJ9.hDjBMvT2QWRMFIBmDobL3tmesC4ZJ_EvxddQXU44uVTK3c3kze4H-NtNHRZ8JKWyiqB5oeUKOj_Q7197rSiKGblHU58XaBnmMg9ZYz-m6-mOmuGwpZOQS8p6q34BqTgnGwDAYsxQlcD0CE57eblEf1zWxjM-2dvhVXiXH81sl5ojMAf_l6uZ18V5xLXh4zVeUGUD0vd8WBe-MozglpyWRetdx5zv6scPJuibKmUuU4g.vY2_60nwkyMfXYm99MQeqjKSQcQOtynhioBsI5ch_bY&dib_tag=se&keywords=dji&qid=1748194124&sprefix=dji%2Caps%2C408&sr=8-17,"TELESIN Lens Filter Set for DJI Action 5/4/ 3 Camera Accessories, 4-Pack CPL ND32 ND16 ND8 Polarizing Neutral Density HD Filter Lens Protective Protector Cover for DJI Osmo (ND Filter)","2,899",https://m.media-amazon.com/images/W/MEDIAX_1215821-T2/images/I/615EezZzJFL._SX679_.jpg,4.3
https://www.amazon.in/POPIO-DJI-Action-Transparent-Installation/dp/B0DT9SDDJ2/ref=sr_1_16?crid=2VRSIGCMNHDZH&dib=eyJ2IjoiMSJ9.hDjBMvT2QWRMFIBmDobL3tmesC4ZJ_EvxddQXU44uVTK3c3kze4H-NtNHRZ8JKWyiqB5oeUKOj_Q7197rSiKGblHU58XaBnmMg9ZYz-m6-mOmuGwpZOQS8p6q34BqTgnGwDAYsxQlcD0CE57eblEf1zWxjM-2dvhVXiXH81sl5ojMAf_l6uZ18V5xLXh4zVeUGUD0vd8WBe-MozglpyWRetdx5zv6scPJuibKmUuU4g.vY2_60nwkyMfXYm99MQeqjKSQcQOtynhioBsI5ch_bY&dib_tag=se&keywords=dji&qid=1748194124&sprefix=dji%2Caps%2C408&sr=8-16,"POPIO Tempered Glass Screen Protector Compatible for DJI Action 2 Action Camera (Transparent) Edge To Edge Full Screen Coverage With Installation Kit, Complete Set Of 3 Glass",299,,4.2
https://www.amazon.in/DJI-Smartphone-Stabilizer-Extension-Portable/dp/B0C5J4M8HD/ref=sr_1_15?crid=2VRSIGCMNHDZH&dib=eyJ2IjoiMSJ9.hDjBMvT2QWRMFIBmDobL3tmesC4ZJ_EvxddQXU44uVTK3c3kze4H-NtNHRZ8JKWyiqB5oeUKOj_Q7197rSiKGblHU58XaBnmMg9ZYz-m6-mOmuGwpZOQS8p6q34BqTgnGwDAYsxQlcD0CE57eblEf1zWxjM-2dvhVXiXH81sl5ojMAf_l6uZ18V5xLXh4zVeUGUD0vd8WBe-MozglpyWRetdx5zv6scPJuibKmUuU4g.vY2_60nwkyMfXYm99MQeqjKSQcQOtynhioBsI5ch_bY&dib_tag=se&keywords=dji&qid=1748194124&sprefix=dji%2Caps%2C408&sr=8-15,"DJI OSMO Mobile 6 Smartphone Gimbal Stabilizer, 3-Axis Phone Gimbal, Built-in Extension Rod, Portable and Foldable Gimbal for Android and iPhone, Vlogging Stabilizer, YouTube, (Platinum Grey)","9,999",https://m.media-amazon.com/images/W/MEDIAX_1215821-T2/images/I/6155tJRvoOL._SX679_.jpg,4.3
https://www.amazon.in/DJI-Mirrorless-Lightweight-Stabilizer-Panasonic/dp/B0BSC71P39/ref=sr_1_14?crid=2VRSIGCMNHDZH&dib=eyJ2IjoiMSJ9.hDjBMvT2QWRMFIBmDobL3tmesC4ZJ_EvxddQXU44uVTK3c3kze4H-NtNHRZ8JKWyiqB5oeUKOj_Q7197rSiKGblHU58XaBnmMg9ZYz-m6-mOmuGwpZOQS8p6q34BqTgnGwDAYsxQlcD0CE57eblEf1zWxjM-2dvhVXiXH81sl5ojMAf_l6uZ18V5xLXh4zVeUGUD0vd8WBe-MozglpyWRetdx5zv6scPJuibKmUuU4g.vY2_60nwkyMfXYm99MQeqjKSQcQOtynhioBsI5ch_bY&dib_tag=se&keywords=dji&qid=1748194124&sprefix=dji%2Caps%2C408&sr=8-14,"DJI RS3 Mini, 3-Axis Mirrorless Gimbal Lightweight Stabilizer for Canon/Sony/Panasonic/Nikon/Fujifilm, 2 kg (4.4 lbs) Tested Payload, Bluetooth Sutter Control, Native Vertical Shooting","25,990",https://m.media-amazon.com/images/W/MEDIAX_1215821-T2/images/I/51JqazFAMlL._SX679_.jpg,4.0
https://www.amazon.in/DJI-Standard-Waterproof-Stabilization-Touchscreens/dp/B0D1YH4B2R/ref=sr_1_13?crid=2VRSIGCMNHDZH&dib=eyJ2IjoiMSJ9.hDjBMvT2QWRMFIBmDobL3tmesC4ZJ_EvxddQXU44uVTK3c3kze4H-NtNHRZ8JKWyiqB5oeUKOj_Q7197rSiKGblHU58XaBnmMg9ZYz-m6-mOmuGwpZOQS8p6q34BqTgnGwDAYsxQlcD0CE57eblEf1zWxjM-2dvhVXiXH81sl5ojMAf_l6uZ18V5xLXh4zVeUGUD0vd8WBe-MozglpyWRetdx5zv6scPJuibKmUuU4g.vY2_60nwkyMfXYm99MQeqjKSQcQOtynhioBsI5ch_bY&dib_tag=se&keywords=dji&qid=1748194124&sprefix=dji%2Caps%2C408&sr=8-13,"DJI Osmo Action 5 Pro Standard Combo, Waterproof Camera with 1/1.3"" Sensor, 4K/120fps Video, Subject Tracking, Stabilization, Dual OLED Touchscreens, Action Camera 4K Ideal for Sports, Vlog","38,888",https://m.media-amazon.com/images/W/MEDIAX_1215821-T2/images/I/71jufq5+PaL._SX679_.jpg,4.4
https://www.amazon.in/DJI-Smartphone-Stabilizer-Extension-ShotGuides/dp/B0B7XD7R43/ref=sr_1_10?crid=2VRSIGCMNHDZH&dib=eyJ2IjoiMSJ9.hDjBMvT2QWRMFIBmDobL3tmesC4ZJ_EvxddQXU44uVTK3c3kze4H-NtNHRZ8JKWyiqB5oeUKOj_Q7197rSiKGblHU58XaBnmMg9ZYz-m6-mOmuGwpZOQS8p6q34BqTgnGwDAYsxQlcD0CE57eblEf1zWxjM-2dvhVXiXH81sl5ojMAf_l6uZ18V5xLXh4zVeUGUD0vd8WBe-MozglpyWRetdx5zv6scPJuibKmUuU4g.vY2_60nwkyMfXYm99MQeqjKSQcQOtynhioBsI5ch_bY&dib_tag=se&keywords=dji&qid=1748194124&sprefix=dji%2Caps%2C408&sr=8-10,"DJI OSMO Mobile 6 Smartphone Gimbal Stabilizer, 3-Axis Phone Gimbal, Built-in Extension Rod, Portable and Foldable for Android & iPhone, Vlogging Stabilizer, YouTube, Instagram Reel Video, (Black)","9,999",https://m.media-amazon.com/images/W/MEDIAX_1215821-T2/images/I/51Q0I+lvW9L._SX679_.jpg,4.3
https://www.amazon.in/DJI-Osmo-Action-Standard-Combo/dp/B0C783YNW7/ref=sr_1_9?crid=2VRSIGCMNHDZH&dib=eyJ2IjoiMSJ9.hDjBMvT2QWRMFIBmDobL3tmesC4ZJ_EvxddQXU44uVTK3c3kze4H-NtNHRZ8JKWyiqB5oeUKOj_Q7197rSiKGblHU58XaBnmMg9ZYz-m6-mOmuGwpZOQS8p6q34BqTgnGwDAYsxQlcD0CE57eblEf1zWxjM-2dvhVXiXH81sl5ojMAf_l6uZ18V5xLXh4zVeUGUD0vd8WBe-MozglpyWRetdx5zv6scPJuibKmUuU4g.vY2_60nwkyMfXYm99MQeqjKSQcQOtynhioBsI5ch_bY&dib_tag=se&keywords=dji&qid=1748194124&sprefix=dji%2Caps%2C408&sr=8-9,"DJI Osmo Action 4 Standard Combo - 4K/120Fps Waterproof Action Digital Camera with A 1/1.3-Inch Sensor, 10-Bit & D-Log M Color Performance, Outdoor Digital Camera for Travel, Biking","29,990",https://m.media-amazon.com/images/W/MEDIAX_1215821-T2/images/I/71wlB2kVc+L._SX679_.jpg,4.4
https://www.amazon.in/DJI-Intelligent-ShotGuides-Smartphone-ActiveTrack/dp/B0B7XCG225/ref=sr_1_8?crid=2VRSIGCMNHDZH&dib=eyJ2IjoiMSJ9.hDjBMvT2QWRMFIBmDobL3tmesC4ZJ_EvxddQXU44uVTK3c3kze4H-NtNHRZ8JKWyiqB5oeUKOj_Q7197rSiKGblHU58XaBnmMg9ZYz-m6-mOmuGwpZOQS8p6q34BqTgnGwDAYsxQlcD0CE57eblEf1zWxjM-2dvhVXiXH81sl5ojMAf_l6uZ18V5xLXh4zVeUGUD0vd8WBe-MozglpyWRetdx5zv6scPJuibKmUuU4g.vY2_60nwkyMfXYm99MQeqjKSQcQOtynhioBsI5ch_bY&dib_tag=se&keywords=dji&qid=1748194124&sprefix=dji%2Caps%2C408&sr=8-8,"DJI OSMO Mobile SE Intelligent Gimbal 3-Axis Phone Gimbal Portable and Foldable for Android & iPhone with ShotGuides Smartphone Gimbal with ActiveTrack 5.0 Vlogging Stabilizer YouTube Video, Grey","7,490",https://m.media-amazon.com/images/W/MEDIAX_1215821-T2/images/I/61otv9fELcL._SX679_.jpg,4.2
https://www.amazon.in/DJI-Stabilizer-Ultra-Light-Activetrack-Charging/dp/B07FSS4R16/ref=sr_1_7?crid=2VRSIGCMNHDZH&dib=eyJ2IjoiMSJ9.hDjBMvT2QWRMFIBmDobL3tmesC4ZJ_EvxddQXU44uVTK3c3kze4H-NtNHRZ8JKWyiqB5oeUKOj_Q7197rSiKGblHU58XaBnmMg9ZYz-m6-mOmuGwpZOQS8p6q34BqTgnGwDAYsxQlcD0CE57eblEf1zWxjM-2dvhVXiXH81sl5ojMAf_l6uZ18V5xLXh4zVeUGUD0vd8WBe-MozglpyWRetdx5zv6scPJuibKmUuU4g.vY2_60nwkyMfXYm99MQeqjKSQcQOtynhioBsI5ch_bY&dib_tag=se&keywords=dji&qid=1748194124&sprefix=dji%2Caps%2C408&sr=8-7,"DJI Osmo Mobile 7 Gimbal Stabilizer for iPhone, Android, Built-in Tripod, Ultra-Light, 3-Axis Phone Gimbal,Activetrack 7.0,One-Tap Edit,Phone Charging Vlogging Stabilizer YouTube Video, White","8,499",https://m.media-amazon.com/images/W/MEDIAX_1215821-T2/images/I/61KyU5QgXXL._SX679_.jpg,4.3
https://www.amazon.in/DJI-Osmo-Action-Adventure-Combo/dp/B0C783J9WC/ref=sr_1_6?crid=2VRSIGCMNHDZH&dib=eyJ2IjoiMSJ9.hDjBMvT2QWRMFIBmDobL3tmesC4ZJ_EvxddQXU44uVTK3c3kze4H-NtNHRZ8JKWyiqB5oeUKOj_Q7197rSiKGblHU58XaBnmMg9ZYz-m6-mOmuGwpZOQS8p6q34BqTgnGwDAYsxQlcD0CE57eblEf1zWxjM-2dvhVXiXH81sl5ojMAf_l6uZ18V5xLXh4zVeUGUD0vd8WBe-MozglpyWRetdx5zv6scPJuibKmUuU4g.vY2_60nwkyMfXYm99MQeqjKSQcQOtynhioBsI5ch_bY&dib_tag=se&keywords=dji&qid=1748194124&sprefix=dji%2Caps%2C408&sr=8-6,"DJI Osmo Action 4 Adventure Combo-4K/120Fps Waterproof Action Digital Camera with A 1/1.3-Inch Sensor,10-Bit&D-Log M Color Performance,Up to 7.5H with 3Batteries,OutdoorCamera for Travel,Biking,Black","34,990",,4.5
https://www.amazon.in/DJI-Super-Wide-Attachments-Stabilization-Technology/dp/B0CS6JDM78/ref=sr_1_5?crid=2VRSIGCMNHDZH&dib=eyJ2IjoiMSJ9.hDjBMvT2QWRMFIBmDobL3tmesC4ZJ_EvxddQXU44uVTK3c3kze4H-NtNHRZ8JKWyiqB5oeUKOj_Q7197rSiKGblHU58XaBnmMg9ZYz-m6-mOmuGwpZOQS8p6q34BqTgnGwDAYsxQlcD0CE57eblEf1zWxjM-2dvhVXiXH81sl5ojMAf_l6uZ18V5xLXh4zVeUGUD0vd8WBe-MozglpyWRetdx5zv6scPJuibKmUuU4g.vY2_60nwkyMfXYm99MQeqjKSQcQOtynhioBsI5ch_bY&dib_tag=se&keywords=dji&qid=1748194124&sprefix=dji%2Caps%2C408&sr=8-5,"DJI Action 2 Power Combo (128GB), Action Camera 4K + Extended Battery Module, 4K/120fps, Super-Wide 155° FOV, Magnetic Attachments, Stabilization Technology, Mini Action Camera","15,990",https://m.media-amazon.com/images/W/MEDIAX_1215821-T2/images/I/61ynVFrjIJL._SX679_.jpg,4.1
https://www.amazon.in/DJI-Stabilizer-Tracking-Lighting-Extension/dp/B07FTG84SW/ref=sr_1_4?crid=2VRSIGCMNHDZH&dib=eyJ2IjoiMSJ9.hDjBMvT2QWRMFIBmDobL3tmesC4ZJ_EvxddQXU44uVTK3c3kze4H-NtNHRZ8JKWyiqB5oeUKOj_Q7197rSiKGblHU58XaBnmMg9ZYz-m6-mOmuGwpZOQS8p6q34BqTgnGwDAYsxQlcD0CE57eblEf1zWxjM-2dvhVXiXH81sl5ojMAf_l6uZ18V5xLXh4zVeUGUD0vd8WBe-MozglpyWRetdx5zv6scPJuibKmUuU4g.vY2_60nwkyMfXYm99MQeqjKSQcQOtynhioBsI5ch_bY&dib_tag=se&keywords=dji&qid=1748194124&sprefix=dji%2Caps%2C408&sr=8-4,"DJI Osmo Mobile 7P Gimbal Stabilizer for iPhone, Android, Native Tracking, Lighting,3-Axis Phone Gimbal,One-Tap Edit, Built-in Extension Rod & Tripod,Phone Charging, Vlogging Stabilizer YouTube Video","13,990",https://m.media-amazon.com/images/W/MEDIAX_1215821-T2/images/I/61iywJZXGNL._SX679_.jpg,4.3
https://www.amazon.in/DJI-Adventure-Batteries-Stabilization-Touchscreens/dp/B07FW4CZZL/ref=sr_1_3?crid=2VRSIGCMNHDZH&dib=eyJ2IjoiMSJ9.hDjBMvT2QWRMFIBmDobL3tmesC4ZJ_EvxddQXU44uVTK3c3kze4H-NtNHRZ8JKWyiqB5oeUKOj_Q7197rSiKGblHU58XaBnmMg9ZYz-m6-mOmuGwpZOQS8p6q34BqTgnGwDAYsxQlcD0CE57eblEf1zWxjM-2dvhVXiXH81sl5ojMAf_l6uZ18V5xLXh4zVeUGUD0vd8WBe-MozglpyWRetdx5zv6scPJuibKmUuU4g.vY2_60nwkyMfXYm99MQeqjKSQcQOtynhioBsI5ch_bY&dib_tag=se&keywords=dji&qid=1748194124&sprefix=dji%2Caps%2C408&sr=8-3,"DJI Osmo Action 5 Pro Adventure Combo, Action Camera 4K with 1/1.3"" Sensor, 12h Extended Battery Life with 3 Batteries, Stabilization, Dual OLED Touchscreens, Mini Action Camera for Travel, Vlog","46,990",https://m.media-amazon.com/images/W/MEDIAX_1215821-T2/images/I/71bPJVQ+mEL._SX679_.jpg,4.4
https://www.amazon.in/DJI-Vlogging-Stabilization-Tracking-Photography/dp/B0CG19FGQ5/ref=sr_1_2?crid=2VRSIGCMNHDZH&dib=eyJ2IjoiMSJ9.hDjBMvT2QWRMFIBmDobL3tmesC4ZJ_EvxddQXU44uVTK3c3kze4H-NtNHRZ8JKWyiqB5oeUKOj_Q7197rSiKGblHU58XaBnmMg9ZYz-m6-mOmuGwpZOQS8p6q34BqTgnGwDAYsxQlcD0CE57eblEf1zWxjM-2dvhVXiXH81sl5ojMAf_l6uZ18V5xLXh4zVeUGUD0vd8WBe-MozglpyWRetdx5zv6scPJuibKmUuU4g.vY2_60nwkyMfXYm99MQeqjKSQcQOtynhioBsI5ch_bY&dib_tag=se&keywords=dji&qid=1748194124&sprefix=dji%2Caps%2C408&sr=8-2,"DJI Osmo Pocket 3 Creator Combo, Vlogging Camera with 1'' CMOS & 4K/120fps Video, 3-Axis Stabilization, Face/Object Tracking, Fast Focusing, Mic Included for Clear Sound, Small Camera for Photography","66,561",https://m.media-amazon.com/images/W/MEDIAX_1215821-T2/images/I/514LEUejXYL._SX679_.jpg,4.6
https://www.amazon.in/ASUS-Gaming-15-6-1920-1080/dp/B0DSLKBPC7/ref=sr_1_20?crid=2JCGDIO0736I9&dib=eyJ2IjoiMSJ9.E9mf-IKe6z_ADYVlNuJuNZXPdsR-fiRUpEJoahxNCIRjCTXeVMNqhvMkYEotbxwJNKOH4iz_l7Y8nrQfccbuP7WsRIGAISo9e3wigDxkU0bhWhHThPwZ8zDWcMFHu4xxz1xFaQhxeRhi-J41tNeg5Qh5RVgVl87hvp4w6afSM54Mh8W3bSbNzKgUcAOsTpHLOlY1_qbEpT-QYSYxDQo95oBAZ9bDzhIdMqmIkJsxpuk.Skqv5imj_9mDx0VUC44QlnacOAQ2HFyl0HDPkFf2ZKA&dib_tag=se&keywords=asus+laptops+gaming&qid=1748200065&sprefix=asus+laptops+gaming%2Caps%2C340&sr=8-20,"ASUS TUF Gaming F15, 15.6"" FHD (1920 x 1080) 16:9, 13th Gen Intel Core i7-13620H Processor 2.4 GHz, Gaming Laptop (16GB RAM/1 TB/RTX 4060/Windows 11/Office Home/Mecha Gray/2.2 Kg), FX507VV-LP487WS","1,04,990",https://m.media-amazon.com/images/W/MEDIAX_1215821-T2/images/I/61VKnquZTGL._SX679_.jpg,4.1
https://www.amazon.in/ASUS-40-64cm-i7-13650HX-GeForce-G614JI-BG711WS/dp/B0D25VFLCN/ref=sr_1_19?crid=2JCGDIO0736I9&dib=eyJ2IjoiMSJ9.E9mf-IKe6z_ADYVlNuJuNZXPdsR-fiRUpEJoahxNCIRjCTXeVMNqhvMkYEotbxwJNKOH4iz_l7Y8nrQfccbuP7WsRIGAISo9e3wigDxkU0bhWhHThPwZ8zDWcMFHu4xxz1xFaQhxeRhi-J41tNeg5Qh5RVgVl87hvp4w6afSM54Mh8W3bSbNzKgUcAOsTpHLOlY1_qbEpT-QYSYxDQo95oBAZ9bDzhIdMqmIkJsxpuk.Skqv5imj_9mDx0VUC44QlnacOAQ2HFyl0HDPkFf2ZKA&dib_tag=se&keywords=asus+laptops+gaming&qid=1748200065&sprefix=asus+laptops+gaming%2Caps%2C340&sr=8-19,"ASUS ROG Strix G16, Gaming Laptop, 16 ""(40.64cm) FHD+ 165Hz, 13th Gen Intel Core i7-13650HX (16GB DDR5/1TB SSD/NVIDIA GeForce RTX 4070 /Windows 11/Office 2021/Eclipse Gray/2.50 Kg), G614JI-BG711WS","1,49,990",https://m.media-amazon.com/images/W/MEDIAX_1215821-T2/images/I/71qRWDn7yoL._SX679_.jpg,3.9
https://www.amazon.in/ASUS-Gaming-Ryzen-Octa-7435HS/dp/B0DGQVYGX3/ref=sr_1_18?crid=2JCGDIO0736I9&dib=eyJ2IjoiMSJ9.E9mf-IKe6z_ADYVlNuJuNZXPdsR-fiRUpEJoahxNCIRjCTXeVMNqhvMkYEotbxwJNKOH4iz_l7Y8nrQfccbuP7WsRIGAISo9e3wigDxkU0bhWhHThPwZ8zDWcMFHu4xxz1xFaQhxeRhi-J41tNeg5Qh5RVgVl87hvp4w6afSM54Mh8W3bSbNzKgUcAOsTpHLOlY1_qbEpT-QYSYxDQo95oBAZ9bDzhIdMqmIkJsxpuk.Skqv5imj_9mDx0VUC44QlnacOAQ2HFyl0HDPkFf2ZKA&dib_tag=se&keywords=asus+laptops+gaming&qid=1748200065&sprefix=asus+laptops+gaming%2Caps%2C340&sr=8-18,"ASUS TUF Gaming A15 AMD Ryzen 7 Octa Core 7435HS - (16 GB/512 GB SSD/Windows 11 Home/4 GB Graphics/NVIDIA GeForce RTX 2050) FA566NFR-HN259W Gaming Laptop (15.6 inch, Graphite Black, 2.30 Kg)","56,990",,3.7
https://www.amazon.in/ASUS-Battery-i7-13650HX-Windows-G614JU-N3200WS/dp/B0C4TVHMR9/ref=sr_1_17?crid=2JCGDIO0736I9&dib=eyJ2IjoiMSJ9.E9mf-IKe6z_ADYVlNuJuNZXPdsR-fiRUpEJoahxNCIRjCTXeVMNqhvMkYEotbxwJNKOH4iz_l7Y8nrQfccbuP7WsRIGAISo9e3wigDxkU0bhWhHThPwZ8zDWcMFHu4xxz1xFaQhxeRhi-J41tNeg5Qh5RVgVl87hvp4w6afSM54Mh8W3bSbNzKgUcAOsTpHLOlY1_qbEpT-QYSYxDQo95oBAZ9bDzhIdMqmIkJsxpuk.Skqv5imj_9mDx0VUC44QlnacOAQ2HFyl0HDPkFf2ZKA&dib_tag=se&keywords=asus+laptops+gaming&qid=1748200065&sprefix=asus+laptops+gaming%2Caps%2C340&sr=8-17,"ASUS ROG Strix G16 (2023) 90WHr Battery, Intel Core i7-13650HX 13th Gen, 16"" FHD+ 165Hz, 6GB RTX 4050, Gaming Laptop (16GB/1TB SSD/Windows 11/Office 2021/4-Zone RGB/Gray/2.50 Kg), G614JU-N3200WS","1,13,490",https://m.media-amazon.com/images/W/MEDIAX_1215821-T2/images/I/71ozP7-hwzL._SX679_.jpg,3.9
https://www.amazon.in/ASUS-15-6-inch-GeForce-Windows-FX577ZC-HN193W/dp/B0D5DB77RT/ref=sr_1_16?crid=2JCGDIO0736I9&dib=eyJ2IjoiMSJ9.E9mf-IKe6z_ADYVlNuJuNZXPdsR-fiRUpEJoahxNCIRjCTXeVMNqhvMkYEotbxwJNKOH4iz_l7Y8nrQfccbuP7WsRIGAISo9e3wigDxkU0bhWhHThPwZ8zDWcMFHu4xxz1xFaQhxeRhi-J41tNeg5Qh5RVgVl87hvp4w6afSM54Mh8W3bSbNzKgUcAOsTpHLOlY1_qbEpT-QYSYxDQo95oBAZ9bDzhIdMqmIkJsxpuk.Skqv5imj_9mDx0VUC44QlnacOAQ2HFyl0HDPkFf2ZKA&dib_tag=se&keywords=asus+laptops+gaming&qid=1748200065&sprefix=asus+laptops+gaming%2Caps%2C340&sr=8-16,"ASUS TUF Gaming F15 12th Gen, Intel Core i7-12700H Gaming Laptop(NVIDIA RTX 3050-4GB/95W TGP/16GB RAM/512GB SSD/FHD/15.6""/144Hz/RGB KB/90WHr/Windows 11//Jaeger Gray/2.20 Kg) FX577ZC-HN193W","73,990",https://m.media-amazon.com/images/W/MEDIAX_1215821-T2/images/I/71jZsi3eAyL._SX679_.jpg,3.4
https://www.amazon.in/ASUS-39-62cm-i7-13620H-GeForce-FX507VV-LP287W/dp/B0D25TQNN7/ref=sr_1_15?crid=2JCGDIO0736I9&dib=eyJ2IjoiMSJ9.E9mf-IKe6z_ADYVlNuJuNZXPdsR-fiRUpEJoahxNCIRjCTXeVMNqhvMkYEotbxwJNKOH4iz_l7Y8nrQfccbuP7WsRIGAISo9e3wigDxkU0bhWhHThPwZ8zDWcMFHu4xxz1xFaQhxeRhi-J41tNeg5Qh5RVgVl87hvp4w6afSM54Mh8W3bSbNzKgUcAOsTpHLOlY1_qbEpT-QYSYxDQo95oBAZ9bDzhIdMqmIkJsxpuk.Skqv5imj_9mDx0VUC44QlnacOAQ2HFyl0HDPkFf2ZKA&dib_tag=se&keywords=asus+laptops+gaming&qid=1748200065&sprefix=asus+laptops+gaming%2Caps%2C340&sr=8-15,"ASUS TUF F15 13th Gen, Intel Core i7-13620H Gaming Laptop(NVIDIA RTX 4060-8GB/140W TGP/16GB RAM/512GB SSD/FHD/15.6""/144Hz/RGB KB/90Whr/Windows 11/Office 2021/Mecha Gray/2.20kg) FX507VV-LP287W","99,990",https://m.media-amazon.com/images/W/MEDIAX_1215821-T2/images/I/71ZZ0yHLuYL._SX679_.jpg,4.1
https://www.amazon.in/ASUS-Vivobook-i7-12700H-Fingerprint-K3605ZC-RP628WS/dp/B09LC8CWLL/ref=sr_1_14?crid=2JCGDIO0736I9&dib=eyJ2IjoiMSJ9.E9mf-IKe6z_ADYVlNuJuNZXPdsR-fiRUpEJoahxNCIRjCTXeVMNqhvMkYEotbxwJNKOH4iz_l7Y8nrQfccbuP7WsRIGAISo9e3wigDxkU0bhWhHThPwZ8zDWcMFHu4xxz1xFaQhxeRhi-J41tNeg5Qh5RVgVl87hvp4w6afSM54Mh8W3bSbNzKgUcAOsTpHLOlY1_qbEpT-QYSYxDQo95oBAZ9bDzhIdMqmIkJsxpuk.Skqv5imj_9mDx0VUC44QlnacOAQ2HFyl0HDPkFf2ZKA&dib_tag=se&keywords=asus+laptops+gaming&qid=1748200065&sprefix=asus+laptops+gaming%2Caps%2C340&sr=8-14,"ASUS Vivobook 16X 12th Gen,Intel Core i7-12700H Fingerprint Creator/Gaming Laptop(NVIDIA RTX 3050-4GB/16GB RAM/512GB SSD/FHD+/16.0""/144Hz/Windows 11/Office 2021/Cool Silver/1.67 kg) K3605ZC-RP628WS","69,990",https://m.media-amazon.com/images/W/MEDIAX_1215821-T2/images/I/71QRNNZdiQL._SX679_.jpg,2.7
https://www.amazon.in/ASUS-Gaming-4060-8GB-Windows-FA507NVR-LP204WS/dp/B0DSLD4KVW/ref=sr_1_13?crid=2JCGDIO0736I9&dib=eyJ2IjoiMSJ9.E9mf-IKe6z_ADYVlNuJuNZXPdsR-fiRUpEJoahxNCIRjCTXeVMNqhvMkYEotbxwJNKOH4iz_l7Y8nrQfccbuP7WsRIGAISo9e3wigDxkU0bhWhHThPwZ8zDWcMFHu4xxz1xFaQhxeRhi-J41tNeg5Qh5RVgVl87hvp4w6afSM54Mh8W3bSbNzKgUcAOsTpHLOlY1_qbEpT-QYSYxDQo95oBAZ9bDzhIdMqmIkJsxpuk.Skqv5imj_9mDx0VUC44QlnacOAQ2HFyl0HDPkFf2ZKA&dib_tag=se&keywords=asus+laptops+gaming&qid=1748200065&sprefix=asus+laptops+gaming%2Caps%2C340&sr=8-13,"ASUS TUF Gaming A15,AMD Ryzen 7 7435HS Gaming Laptop(NVIDIA RTX 4060-8GB/140W TGP/16GB RAM/512GB SSD/FHD/15.6""/144Hz/Windows 11/M365 Basic (1Year)*/Office Home 2024/Mecha Gray/2.20 Kg)FA507NVR-LP204WS","94,990",https://m.media-amazon.com/images/W/MEDIAX_1215821-T2/images/I/71RuHCk5fGL._SX679_.jpg,4.4
https://www.amazon.in/ASUS-Gaming-15-6-39-62cm-FA506NFR-HN045W/dp/B0CDQ5CW9V/ref=sr_1_10?crid=2JCGDIO0736I9&dib=eyJ2IjoiMSJ9.E9mf-IKe6z_ADYVlNuJuNZXPdsR-fiRUpEJoahxNCIRjCTXeVMNqhvMkYEotbxwJNKOH4iz_l7Y8nrQfccbuP7WsRIGAISo9e3wigDxkU0bhWhHThPwZ8zDWcMFHu4xxz1xFaQhxeRhi-J41tNeg5Qh5RVgVl87hvp4w6afSM54Mh8W3bSbNzKgUcAOsTpHLOlY1_qbEpT-QYSYxDQo95oBAZ9bDzhIdMqmIkJsxpuk.Skqv5imj_9mDx0VUC44QlnacOAQ2HFyl0HDPkFf2ZKA&dib_tag=se&keywords=asus+laptops+gaming&qid=1748200065&sprefix=asus+laptops+gaming%2Caps%2C340&sr=8-10,"ASUS TUF Gaming A15, 15.6"" (39.62cm) FHD 16:9 144Hz, AMD Ryzen 7 7435HS, Gaming Laptop (16 DDR5/512GB SSD/NVIDIA GeForce RTX 2050/Windows 11 Home/Graphite Black/2.30 Kg), FA506NFR-HN045W","56,990",https://m.media-amazon.com/images/W/MEDIAX_1215821-T2/images/I/61xBASwU+zL._SX679_.jpg,3.8
https://www.amazon.in/ASUS-Advantage-300nits-Processor-FA617NSR-RL083W/dp/B0DBVRLST8/ref=sr_1_9?crid=2JCGDIO0736I9&dib=eyJ2IjoiMSJ9.E9mf-IKe6z_ADYVlNuJuNZXPdsR-fiRUpEJoahxNCIRjCTXeVMNqhvMkYEotbxwJNKOH4iz_l7Y8nrQfccbuP7WsRIGAISo9e3wigDxkU0bhWhHThPwZ8zDWcMFHu4xxz1xFaQhxeRhi-J41tNeg5Qh5RVgVl87hvp4w6afSM54Mh8W3bSbNzKgUcAOsTpHLOlY1_qbEpT-QYSYxDQo95oBAZ9bDzhIdMqmIkJsxpuk.Skqv5imj_9mDx0VUC44QlnacOAQ2HFyl0HDPkFf2ZKA&dib_tag=se&keywords=asus+laptops+gaming&qid=1748200065&sprefix=asus+laptops+gaming%2Caps%2C340&sr=8-9,"ASUS TUF Gaming A16 Advantage Edition, 16"" FHD+ 144Hz 300nits, AMD Ryzen 7 7435HS Processor, Gaming Laptop (16GB RAM/512GB SSD/AMD Radeon RX 7600S/Windows 11/Off Black/2.2 Kg), FA617NSR-RL083W","74,990",https://m.media-amazon.com/images/W/MEDIAX_1215821-T2/images/I/71K+MEhDJhL._SX679_.jpg,3.8
https://www.amazon.in/ASUS-Gaming-Windows-Graphics-V3607VU-RP550WS/dp/B0F5N2ZK2S/ref=sr_1_8?crid=2JCGDIO0736I9&dib=eyJ2IjoiMSJ9.E9mf-IKe6z_ADYVlNuJuNZXPdsR-fiRUpEJoahxNCIRjCTXeVMNqhvMkYEotbxwJNKOH4iz_l7Y8nrQfccbuP7WsRIGAISo9e3wigDxkU0bhWhHThPwZ8zDWcMFHu4xxz1xFaQhxeRhi-J41tNeg5Qh5RVgVl87hvp4w6afSM54Mh8W3bSbNzKgUcAOsTpHLOlY1_qbEpT-QYSYxDQo95oBAZ9bDzhIdMqmIkJsxpuk.Skqv5imj_9mDx0VUC44QlnacOAQ2HFyl0HDPkFf2ZKA&dib_tag=se&keywords=asus+laptops+gaming&qid=1748200065&sprefix=asus+laptops+gaming%2Caps%2C340&sr=8-8,"ASUS Gaming V16 (2025) with Office 2024 + M365 Basic*, AI PC, Intel Core 5 210H(16GB RAM/512GB SSD/Windows 11 Home/6GB Graphics/RTX 4050/144 Hz)Gaming Laptop (16"", Matte Black,1.95 Kg),V3607VU-RP550WS","79,700",https://m.media-amazon.com/images/W/MEDIAX_1215821-T2/images/I/71hrfXUTzML._SX679_.jpg,2.0
https://www.amazon.in/ASUS-15-6-inch-i7-12700H-Battery-FX577ZC-HN192WS/dp/B0CRR4RDP9/ref=sr_1_7?crid=2JCGDIO0736I9&dib=eyJ2IjoiMSJ9.E9mf-IKe6z_ADYVlNuJuNZXPdsR-fiRUpEJoahxNCIRjCTXeVMNqhvMkYEotbxwJNKOH4iz_l7Y8nrQfccbuP7WsRIGAISo9e3wigDxkU0bhWhHThPwZ8zDWcMFHu4xxz1xFaQhxeRhi-J41tNeg5Qh5RVgVl87hvp4w6afSM54Mh8W3bSbNzKgUcAOsTpHLOlY1_qbEpT-QYSYxDQo95oBAZ9bDzhIdMqmIkJsxpuk.Skqv5imj_9mDx0VUC44QlnacOAQ2HFyl0HDPkFf2ZKA&dib_tag=se&keywords=asus+laptops+gaming&qid=1748200065&sprefix=asus+laptops+gaming%2Caps%2C340&sr=8-7,"ASUS TUF Gaming F15 12th Gen, Intel Core i7-12700H Gaming Laptop(NVIDIA RTX 3050-4GB/95W TGP/16GB RAM/1TB SSD/FHD/15.6""/144Hz/RGB KB/90WHr/Windows 11/Office 2021/Mecha Gray/2.20 Kg) FX577ZC-HN192WS","79,990",https://m.media-amazon.com/images/W/MEDIAX_1215821-T2/images/I/71jZsi3eAyL._SX679_.jpg,3.8
https://www.amazon.in/ASUS-Gaming-GeForce-Windows-FA566NCR-HN117W/dp/B0F5MZHKTQ/ref=sr_1_6?crid=2JCGDIO0736I9&dib=eyJ2IjoiMSJ9.E9mf-IKe6z_ADYVlNuJuNZXPdsR-fiRUpEJoahxNCIRjCTXeVMNqhvMkYEotbxwJNKOH4iz_l7Y8nrQfccbuP7WsRIGAISo9e3wigDxkU0bhWhHThPwZ8zDWcMFHu4xxz1xFaQhxeRhi-J41tNeg5Qh5RVgVl87hvp4w6afSM54Mh8W3bSbNzKgUcAOsTpHLOlY1_qbEpT-QYSYxDQo95oBAZ9bDzhIdMqmIkJsxpuk.Skqv5imj_9mDx0VUC44QlnacOAQ2HFyl0HDPkFf2ZKA&dib_tag=se&keywords=asus+laptops+gaming&qid=1748200065&sprefix=asus+laptops+gaming%2Caps%2C340&sr=8-6,"ASUS TUF Gaming A15, AMD Ryzen 7 7435HS, NVIDIA GeForce RTX 3050, 16GB RAM, 1TB SSD, FHD 144Hz 250 nits, 15.6"", Windows 11, Black, 2.30KG, FA566NCR-HN117W Gaming Laptop","68,990",https://m.media-amazon.com/images/W/MEDIAX_1215821-T2/images/I/71ycW+AeqxL._SX679_.jpg,3.8
https://www.amazon.in/ASUS-Gaming-GeForce-Windows-FA566NCR-HN254WS/dp/B0F5KP3V65/ref=sr_1_5?crid=2JCGDIO0736I9&dib=eyJ2IjoiMSJ9.E9mf-IKe6z_ADYVlNuJuNZXPdsR-fiRUpEJoahxNCIRjCTXeVMNqhvMkYEotbxwJNKOH4iz_l7Y8nrQfccbuP7WsRIGAISo9e3wigDxkU0bhWhHThPwZ8zDWcMFHu4xxz1xFaQhxeRhi-J41tNeg5Qh5RVgVl87hvp4w6afSM54Mh8W3bSbNzKgUcAOsTpHLOlY1_qbEpT-QYSYxDQo95oBAZ9bDzhIdMqmIkJsxpuk.Skqv5imj_9mDx0VUC44QlnacOAQ2HFyl0HDPkFf2ZKA&dib_tag=se&keywords=asus+laptops+gaming&qid=1748200065&sprefix=asus+laptops+gaming%2Caps%2C340&sr=8-5,"ASUS TUF Gaming A15, AMD Ryzen 7 7435HS, NVIDIA GeForce RTX 3050, 16GB RAM, 512GB SSD, FHD 144Hz 250 nits, 15.6"", Windows 11, MS Office, Black, 2.30KG, FA566NCR-HN254WS Gaming Laptop","66,990",https://m.media-amazon.com/images/W/MEDIAX_1215821-T2/images/I/71ycW+AeqxL._SX679_.jpg,3.8
https://www.amazon.in/ASUS-15-6-inch-GeForce-Graphite-FA506NCR-HN054W/dp/B0D5DFR78J/ref=sr_1_4?crid=2JCGDIO0736I9&dib=eyJ2IjoiMSJ9.E9mf-IKe6z_ADYVlNuJuNZXPdsR-fiRUpEJoahxNCIRjCTXeVMNqhvMkYEotbxwJNKOH4iz_l7Y8nrQfccbuP7WsRIGAISo9e3wigDxkU0bhWhHThPwZ8zDWcMFHu4xxz1xFaQhxeRhi-J41tNeg5Qh5RVgVl87hvp4w6afSM54Mh8W3bSbNzKgUcAOsTpHLOlY1_qbEpT-QYSYxDQo95oBAZ9bDzhIdMqmIkJsxpuk.Skqv5imj_9mDx0VUC44QlnacOAQ2HFyl0HDPkFf2ZKA&dib_tag=se&keywords=asus+laptops+gaming&qid=1748200065&sprefix=asus+laptops+gaming%2Caps%2C340&sr=8-4,"ASUS TUF Gaming A15, AMD Ryzen 7 7435HS Gaming Laptop(NVIDIA RTX 3050-4GB/60W TGP/16GB RAM/512GB SSD/FHD/15.6""/144Hz/RGB KB/48WHr/Windows 11//Graphite Black/2.30 Kg) FA506NCR-HN054W","64,990",https://m.media-amazon.com/images/W/MEDIAX_1215821-T2/images/I/61nTNphSBvL._SX679_.jpg,3.8
https://www.amazon.in/ASUS-Vivobook-i5-12500H-2050-4GB-K3605ZF-RP458WS/dp/B0DS2DQD9L/ref=sr_1_3?crid=2JCGDIO0736I9&dib=eyJ2IjoiMSJ9.E9mf-IKe6z_ADYVlNuJuNZXPdsR-fiRUpEJoahxNCIRjCTXeVMNqhvMkYEotbxwJNKOH4iz_l7Y8nrQfccbuP7WsRIGAISo9e3wigDxkU0bhWhHThPwZ8zDWcMFHu4xxz1xFaQhxeRhi-J41tNeg5Qh5RVgVl87hvp4w6afSM54Mh8W3bSbNzKgUcAOsTpHLOlY1_qbEpT-QYSYxDQo95oBAZ9bDzhIdMqmIkJsxpuk.Skqv5imj_9mDx0VUC44QlnacOAQ2HFyl0HDPkFf2ZKA&dib_tag=se&keywords=asus+laptops+gaming&qid=1748200065&sprefix=asus+laptops+gaming%2Caps%2C340&sr=8-3,"ASUS Vivobook 16X 12th Gen, Intel Core i5-12500H Creator/Gaming Laptop(NVIDIA RTX 2050-4GB/16GB/512GB/FHD+/16.0""/144Hz/Windows 11/M365 Basic (1Year)*/Office Home 2024/Silver/1.67 kg) K3605ZF-RP458WS","56,390",https://m.media-amazon.com/images/W/MEDIAX_1215821-T2/images/I/71gtGGVS3NL._SX679_.jpg,3.7
https://www.amazon.in/TheGiftKart-Protective-Protection-Silicon-Silicone/dp/B0F1P2CG8D/ref=sr_1_20?crid=AS5ZKR8B83GK&dib=eyJ2IjoiMSJ9.WwDAWeL3PyMN-sXBzyWaCh1I8FG33EH7lqassYFtFE-rFChCOOwbgnHduvs4G0bE6-Stneah8MMBWLQO4pWevN5g6RsE0sScp96iBvXUunX4GMT9psRVlNq_RUWzCLaFPzsGAsG61kbTHuU_rgeshG1isuZNEb0Gj_ooGIpegZU-sUEDqr_MdmwvlIfC9JqSH6X-CILLDJnG3apnPJUTjkOcPndPtYNScHdaFxpAb7s.MXTS4WnEwhMH_OazCJvlMvGqeVAjHuF9POLXIZWjQHA&dib_tag=se&keywords=google+pixel&qid=1748204279&sprefix=google+pix%2Caps%2C336&sr=8-20,"TheGiftKart Sleek Back Cover Case for Google Pixel 9A | Slim Fit Protective Design | Ultra Matte Finish | Camera Protection Bump | Soft Silicon Back Cover Case for Google Pixel 9A (Silicone, Black)",259,,
https://www.amazon.in/Samsung-Thunder-Storage-Corning-Gorilla/dp/B0D7Z8CJP8/ref=sr_1_19?crid=AS5ZKR8B83GK&dib=eyJ2IjoiMSJ9.WwDAWeL3PyMN-sXBzyWaCh1I8FG33EH7lqassYFtFE-rFChCOOwbgnHduvs4G0bE6-Stneah8MMBWLQO4pWevN5g6RsE0sScp96iBvXUunX4GMT9psRVlNq_RUWzCLaFPzsGAsG61kbTHuU_rgeshG1isuZNEb0Gj_ooGIpegZU-sUEDqr_MdmwvlIfC9JqSH6X-CILLDJnG3apnPJUTjkOcPndPtYNScHdaFxpAb7s.MXTS4WnEwhMH_OazCJvlMvGqeVAjHuF9POLXIZWjQHA&dib_tag=se&keywords=google+pixel&qid=1748204279&sprefix=google+pix%2Caps%2C336&sr=8-19,"Samsung Galaxy M35 5G (Thunder Grey,6GB RAM,128GB Storage)| Corning Gorilla Glass Victus+| AnTuTu Score 595K+ | Vapour Cooling Chamber | 6000mAh Battery | 120Hz Super AMOLED Display| Without Charger","13,999",https://m.media-amazon.com/images/W/MEDIAX_1215821-T2/images/I/81DeHrvOoqL._SX679_.jpg,4.2
https://www.amazon.in/BATCHONE-Compatible-Google-Pixel-Installation/dp/B0F447CY34/ref=sr_1_18?crid=AS5ZKR8B83GK&dib=eyJ2IjoiMSJ9.WwDAWeL3PyMN-sXBzyWaCh1I8FG33EH7lqassYFtFE-rFChCOOwbgnHduvs4G0bE6-Stneah8MMBWLQO4pWevN5g6RsE0sScp96iBvXUunX4GMT9psRVlNq_RUWzCLaFPzsGAsG61kbTHuU_rgeshG1isuZNEb0Gj_ooGIpegZU-sUEDqr_MdmwvlIfC9JqSH6X-CILLDJnG3apnPJUTjkOcPndPtYNScHdaFxpAb7s.MXTS4WnEwhMH_OazCJvlMvGqeVAjHuF9POLXIZWjQHA&dib_tag=se&keywords=google+pixel&qid=1748204279&sprefix=google+pix%2Caps%2C336&sr=8-18,BATCHONE Tempered Glass Screen Protector Compatible for Google Pixel 8A (Black) with Edge to Edge Coverage and Easy Installation kit,251,https://m.media-amazon.com/images/W/MEDIAX_1215821-T2/images/I/8121qU4nNjL._SX679_.jpg,4.4
https://www.amazon.in/Military-Grade-Google-Pixel-Pro-Installation/dp/B0F288MY6G/ref=sr_1_17?crid=AS5ZKR8B83GK&dib=eyJ2IjoiMSJ9.WwDAWeL3PyMN-sXBzyWaCh1I8FG33EH7lqassYFtFE-rFChCOOwbgnHduvs4G0bE6-Stneah8MMBWLQO4pWevN5g6RsE0sScp96iBvXUunX4GMT9psRVlNq_RUWzCLaFPzsGAsG61kbTHuU_rgeshG1isuZNEb0Gj_ooGIpegZU-sUEDqr_MdmwvlIfC9JqSH6X-CILLDJnG3apnPJUTjkOcPndPtYNScHdaFxpAb7s.MXTS4WnEwhMH_OazCJvlMvGqeVAjHuF9POLXIZWjQHA&dib_tag=se&keywords=google+pixel&qid=1748204279&sprefix=google+pix%2Caps%2C336&sr=8-17,OpenTech® Military-Grade Tempered Glass Screen Protector Compatible for Google Pixel 9 / Google Pixel 9 Pro with Edge to Edge Coverage and Easy Installation kit,284,https://m.media-amazon.com/images/W/MEDIAX_1215821-T2/images/I/61NdH1234vL._SX679_.jpg,4.5
https://www.amazon.in/Spigen-Ultra-Hybrid-Google-Transparent/dp/B0DJCJ8DG2/ref=sr_1_16?crid=AS5ZKR8B83GK&dib=eyJ2IjoiMSJ9.WwDAWeL3PyMN-sXBzyWaCh1I8FG33EH7lqassYFtFE-rFChCOOwbgnHduvs4G0bE6-Stneah8MMBWLQO4pWevN5g6RsE0sScp96iBvXUunX4GMT9psRVlNq_RUWzCLaFPzsGAsG61kbTHuU_rgeshG1isuZNEb0Gj_ooGIpegZU-sUEDqr_MdmwvlIfC9JqSH6X-CILLDJnG3apnPJUTjkOcPndPtYNScHdaFxpAb7s.MXTS4WnEwhMH_OazCJvlMvGqeVAjHuF9POLXIZWjQHA&dib_tag=se&keywords=google+pixel&qid=1748204279&sprefix=google+pix%2Caps%2C336&sr=8-16,"Spigen Ultra Hybrid for Google Pixel 9a Case, Transparent Pixel 9a Back Cover (2025) - Crystal Clear","1,299",,4.6
https://www.amazon.in/XDesign-Compatible-Google-Pixel-Installation/dp/B0F3NVMXKL/ref=sr_1_15?crid=AS5ZKR8B83GK&dib=eyJ2IjoiMSJ9.WwDAWeL3PyMN-sXBzyWaCh1I8FG33EH7lqassYFtFE-rFChCOOwbgnHduvs4G0bE6-Stneah8MMBWLQO4pWevN5g6RsE0sScp96iBvXUunX4GMT9psRVlNq_RUWzCLaFPzsGAsG61kbTHuU_rgeshG1isuZNEb0Gj_ooGIpegZU-sUEDqr_MdmwvlIfC9JqSH6X-CILLDJnG3apnPJUTjkOcPndPtYNScHdaFxpAb7s.MXTS4WnEwhMH_OazCJvlMvGqeVAjHuF9POLXIZWjQHA&dib_tag=se&keywords=google+pixel&qid=1748204279&sprefix=google+pix%2Caps%2C336&sr=8-15,"XDesign Tempered Glass Screen Protector Compatible For Google Pixel 9A (Black) Edge To Edge Full Screen Coverage With Easy Installation Kit, Pack of 1",251,https://m.media-amazon.com/images/W/MEDIAX_1215821-T2/images/I/71bEykqCBjL._SX679_.jpg,4.7
https://www.amazon.in/Nothing-Storage-Dimensity-Processor-Display/dp/B0DC8F2X6T/ref=sr_1_14_mod_primary_new?crid=AS5ZKR8B83GK&dib=eyJ2IjoiMSJ9.WwDAWeL3PyMN-sXBzyWaCh1I8FG33EH7lqassYFtFE-rFChCOOwbgnHduvs4G0bE6-Stneah8MMBWLQO4pWevN5g6RsE0sScp96iBvXUunX4GMT9psRVlNq_RUWzCLaFPzsGAsG61kbTHuU_rgeshG1isuZNEb0Gj_ooGIpegZU-sUEDqr_MdmwvlIfC9JqSH6X-CILLDJnG3apnPJUTjkOcPndPtYNScHdaFxpAb7s.MXTS4WnEwhMH_OazCJvlMvGqeVAjHuF9POLXIZWjQHA&dib_tag=se&keywords=google+pixel&qid=1748204279&sbo=RZvfv%2F%2FHxDF%2BO5021pAnSA%3D%3D&sprefix=google+pix%2Caps%2C336&sr=8-14,"Nothing Phone (2a) Plus (Grey, 8GB RAM, 256GB Storage) | Up to 16GB RAM | Dimensity 7350 Pro 5G Processor | 50MP + 50MP | 50MP Front Camera | 6.7"" AMOLED Display | 56 Minutes Charge of 100%","19,994",,4.1
https://www.amazon.in/Google-Pixel-Snow-128GB-Storage/dp/B0BJLCK3YD/ref=sr_1_13?crid=AS5ZKR8B83GK&dib=eyJ2IjoiMSJ9.WwDAWeL3PyMN-sXBzyWaCh1I8FG33EH7lqassYFtFE-rFChCOOwbgnHduvs4G0bE6-Stneah8MMBWLQO4pWevN5g6RsE0sScp96iBvXUunX4GMT9psRVlNq_RUWzCLaFPzsGAsG61kbTHuU_rgeshG1isuZNEb0Gj_ooGIpegZU-sUEDqr_MdmwvlIfC9JqSH6X-CILLDJnG3apnPJUTjkOcPndPtYNScHdaFxpAb7s.MXTS4WnEwhMH_OazCJvlMvGqeVAjHuF9POLXIZWjQHA&dib_tag=se&keywords=google+pixel&qid=1748204279&sprefix=google+pix%2Caps%2C336&sr=8-13,"Google Pixel 7 5G (Snow, 8GB Ram 128GB Storage)","30,999",https://m.media-amazon.com/images/W/MEDIAX_1215821-T2/images/I/513AqiuhSgL._SX679_.jpg,4.2
https://www.amazon.in/OnePlus-Lifetime-Warranty-Qualcomm%C2%AE-SnapdragonTM/dp/B0CX5BZXLF/ref=sr_1_10?crid=AS5ZKR8B83GK&dib=eyJ2IjoiMSJ9.WwDAWeL3PyMN-sXBzyWaCh1I8FG33EH7lqassYFtFE-rFChCOOwbgnHduvs4G0bE6-Stneah8MMBWLQO4pWevN5g6RsE0sScp96iBvXUunX4GMT9psRVlNq_RUWzCLaFPzsGAsG61kbTHuU_rgeshG1isuZNEb0Gj_ooGIpegZU-sUEDqr_MdmwvlIfC9JqSH6X-CILLDJnG3apnPJUTjkOcPndPtYNScHdaFxpAb7s.MXTS4WnEwhMH_OazCJvlMvGqeVAjHuF9POLXIZWjQHA&dib_tag=se&keywords=google+pixel&qid=1748204279&sprefix=google+pix%2Caps%2C336&sr=8-10,"OnePlus Nord CE4 (Dark Chrome, 8GB RAM, 256GB Storage) | Lifetime Display Warranty | Qualcomm® Snapdragon™ 7 Gen 3 - Best in The Segment | 50 MP Camera with OIS","24,997",https://m.media-amazon.com/images/W/MEDIAX_1215821-T2/images/I/61g1pqSjAhL._SX679_.jpg,4.5
https://www.amazon.in/OnePlus-Obsidian-Midnight-256GB-Storage/dp/B0D7VKMLGD/ref=sr_1_9?crid=AS5ZKR8B83GK&dib=eyJ2IjoiMSJ9.WwDAWeL3PyMN-sXBzyWaCh1I8FG33EH7lqassYFtFE-rFChCOOwbgnHduvs4G0bE6-Stneah8MMBWLQO4pWevN5g6RsE0sScp96iBvXUunX4GMT9psRVlNq_RUWzCLaFPzsGAsG61kbTHuU_rgeshG1isuZNEb0Gj_ooGIpegZU-sUEDqr_MdmwvlIfC9JqSH6X-CILLDJnG3apnPJUTjkOcPndPtYNScHdaFxpAb7s.MXTS4WnEwhMH_OazCJvlMvGqeVAjHuF9POLXIZWjQHA&dib_tag=se&keywords=google+pixel&qid=1748204279&sprefix=google+pix%2Caps%2C336&sr=8-9,"OnePlus Nord 4 5G (Obsidian Midnight, 8GB RAM, 256GB Storage) | Lifetime Display Warranty | Qualcomm® Snapdragon™ 7 Plus Gen 3 | ANTUTU Score 1.5Mn AI","29,998",https://m.media-amazon.com/images/W/MEDIAX_1215821-T2/images/I/61NbiB1GU-L._SX679_.jpg,4.6
https://www.amazon.in/Google-Pixel-Peony-256-RAM/dp/B0DZXXF2LY/ref=sr_1_8?crid=AS5ZKR8B83GK&dib=eyJ2IjoiMSJ9.WwDAWeL3PyMN-sXBzyWaCh1I8FG33EH7lqassYFtFE-rFChCOOwbgnHduvs4G0bE6-Stneah8MMBWLQO4pWevN5g6RsE0sScp96iBvXUunX4GMT9psRVlNq_RUWzCLaFPzsGAsG61kbTHuU_rgeshG1isuZNEb0Gj_ooGIpegZU-sUEDqr_MdmwvlIfC9JqSH6X-CILLDJnG3apnPJUTjkOcPndPtYNScHdaFxpAb7s.MXTS4WnEwhMH_OazCJvlMvGqeVAjHuF9POLXIZWjQHA&dib_tag=se&keywords=google+pixel&qid=1748204279&sprefix=google+pix%2Caps%2C336&sr=8-8,"Google Pixel 9 (Peony, 256 GB) (12 GB RAM)","74,999",https://m.media-amazon.com/images/W/MEDIAX_1215821-T2/images/I/319eh0vlEbL.jpg,4.8
https://www.amazon.in/Google-Pixel-Porcelain-256-RAM/dp/B0DZXZTPN8/ref=sr_1_7?crid=AS5ZKR8B83GK&dib=eyJ2IjoiMSJ9.WwDAWeL3PyMN-sXBzyWaCh1I8FG33EH7lqassYFtFE-rFChCOOwbgnHduvs4G0bE6-Stneah8MMBWLQO4pWevN5g6RsE0sScp96iBvXUunX4GMT9psRVlNq_RUWzCLaFPzsGAsG61kbTHuU_rgeshG1isuZNEb0Gj_ooGIpegZU-sUEDqr_MdmwvlIfC9JqSH6X-CILLDJnG3apnPJUTjkOcPndPtYNScHdaFxpAb7s.MXTS4WnEwhMH_OazCJvlMvGqeVAjHuF9POLXIZWjQHA&dib_tag=se&keywords=google+pixel&qid=1748204279&sprefix=google+pix%2Caps%2C336&sr=8-7,"Google Pixel 9 (Porcelain, 256 GB) (12 GB RAM)","74,999",https://m.media-amazon.com/images/W/MEDIAX_1215821-T2/images/I/51xiDpq5ODL._SX679_.jpg,4.9
https://www.amazon.in/Google-Pixel-Wintergreen-256-RAM/dp/B0DZXYT2MR/ref=sr_1_6?crid=AS5ZKR8B83GK&dib=eyJ2IjoiMSJ9.WwDAWeL3PyMN-sXBzyWaCh1I8FG33EH7lqassYFtFE-rFChCOOwbgnHduvs4G0bE6-Stneah8MMBWLQO4pWevN5g6RsE0sScp96iBvXUunX4GMT9psRVlNq_RUWzCLaFPzsGAsG61kbTHuU_rgeshG1isuZNEb0Gj_ooGIpegZU-sUEDqr_MdmwvlIfC9JqSH6X-CILLDJnG3apnPJUTjkOcPndPtYNScHdaFxpAb7s.MXTS4WnEwhMH_OazCJvlMvGqeVAjHuF9POLXIZWjQHA&dib_tag=se&keywords=google+pixel&qid=1748204279&sprefix=google+pix%2Caps%2C336&sr=8-6,"Google Pixel 9 (Wintergreen, 256 GB) (12 GB RAM)","74,999",https://m.media-amazon.com/images/W/MEDIAX_1215821-T2/images/I/5129OHu-1XL._SX679_.jpg,5
https://www.amazon.in/Google-Pixel-Obsidian-256-RAM/dp/B0DZXTW6PP/ref=sr_1_5?crid=AS5ZKR8B83GK&dib=eyJ2IjoiMSJ9.WwDAWeL3PyMN-sXBzyWaCh1I8FG33EH7lqassYFtFE-rFChCOOwbgnHduvs4G0bE6-Stneah8MMBWLQO4pWevN5g6RsE0sScp96iBvXUunX4GMT9psRVlNq_RUWzCLaFPzsGAsG61kbTHuU_rgeshG1isuZNEb0Gj_ooGIpegZU-sUEDqr_MdmwvlIfC9JqSH6X-CILLDJnG3apnPJUTjkOcPndPtYNScHdaFxpAb7s.MXTS4WnEwhMH_OazCJvlMvGqeVAjHuF9POLXIZWjQHA&dib_tag=se&keywords=google+pixel&qid=1748204279&sprefix=google+pix%2Caps%2C336&sr=8-5,"Google Pixel 9 (Obsidian, 256 GB) (12 GB RAM)","74,999",https://m.media-amazon.com/images/W/MEDIAX_1215821-T2/images/I/51Ibtg1KESL._SX679_.jpg,4.1
https://www.amazon.in/Google-Pixel-8a-Obsidian-128/dp/B0DTKDW6XN/ref=sr_1_4?crid=AS5ZKR8B83GK&dib=eyJ2IjoiMSJ9.WwDAWeL3PyMN-sXBzyWaCh1I8FG33EH7lqassYFtFE-rFChCOOwbgnHduvs4G0bE6-Stneah8MMBWLQO4pWevN5g6RsE0sScp96iBvXUunX4GMT9psRVlNq_RUWzCLaFPzsGAsG61kbTHuU_rgeshG1isuZNEb0Gj_ooGIpegZU-sUEDqr_MdmwvlIfC9JqSH6X-CILLDJnG3apnPJUTjkOcPndPtYNScHdaFxpAb7s.MXTS4WnEwhMH_OazCJvlMvGqeVAjHuF9POLXIZWjQHA&dib_tag=se&keywords=google+pixel&qid=1748204279&sprefix=google+pix%2Caps%2C336&sr=8-4,"Google Pixel 8a (Obsidian, 128, GB, 8, GB)","37,999",https://m.media-amazon.com/images/W/MEDIAX_1215821-T2/images/I/61esJgWizNL._SX679_.jpg,4.3
https://www.amazon.in/Google-Pixel-Sea-128-RAM/dp/B0DB7N5NK4/ref=sr_1_3?crid=AS5ZKR8B83GK&dib=eyJ2IjoiMSJ9.WwDAWeL3PyMN-sXBzyWaCh1I8FG33EH7lqassYFtFE-rFChCOOwbgnHduvs4G0bE6-Stneah8MMBWLQO4pWevN5g6RsE0sScp96iBvXUunX4GMT9psRVlNq_RUWzCLaFPzsGAsG61kbTHuU_rgeshG1isuZNEb0Gj_ooGIpegZU-sUEDqr_MdmwvlIfC9JqSH6X-CILLDJnG3apnPJUTjkOcPndPtYNScHdaFxpAb7s.MXTS4WnEwhMH_OazCJvlMvGqeVAjHuF9POLXIZWjQHA&dib_tag=se&keywords=google+pixel&qid=1748204279&sprefix=google+pix%2Caps%2C336&sr=8-3,"Google Pixel 7a (Sea, 128 GB) (8 GB RAM)","28,999",https://m.media-amazon.com/images/W/MEDIAX_1215821-T2/images/I/41YW3WpZ2ML.jpg,4.4
https://www.amazon.in/HP-Backlit-Keyboard-Windows-Fc0026Au/dp/B0C3RCR4K7/ref=sr_1_20?crid=2SKGOSILZX0UY&dib=eyJ2IjoiMSJ9.FhTrnDY68bd1tD-h3S8D4aSjMNsJouRu0PkQmUbH0PoaL6alm9tOTg6Pr3l-M9hwHRTryBTH61F3AAkIM_Gm5gI7Hj-GB9ZqWYijiKFgcP3yrNQ59hhtZPM9nuxDnbKnEGHA_xpeK4RKQ3mzkpUT54snpuuorPJH8LNlIUA-JncS3_P0zPd7fPOAPlQOJqRNeMpGb4FX6vBypDZpBA5u6W6IGsrLrYQlUnjEDP1AxXE.9eBgk5PY0i8atJ5gnD0ANbDD6CMYjC4Cn4qHI0zgBew&dib_tag=se&keywords=hp+laptop&qid=1748199517&sprefix=hp+laptop+%2Caps%2C926&sr=8-20,"HP 15 AMD Ryzen 3 7320U (8GB LPDDDR5 Ram/512GB NVMe M.2 SSD/Anti Glare, Micro Edge/15.6"" (39.6 Cm) FHD/Backlit Keyboard/Win11 Home+MS Office'21/ AMD Radeon Graphics, HD Camera/1.59Kg/Silver) Fc0026AU","30,490",https://m.media-amazon.com/images/W/MEDIAX_1215821-T2/images/I/61Ja6Xa4QaL._SX679_.jpg,4.2
https://www.amazon.in/HP-Anti-Glare-15-6-inch-Graphics-eq2144AU/dp/B09RZRF1PJ/ref=sr_1_19?crid=2SKGOSILZX0UY&dib=eyJ2IjoiMSJ9.FhTrnDY68bd1tD-h3S8D4aSjMNsJouRu0PkQmUbH0PoaL6alm9tOTg6Pr3l-M9hwHRTryBTH61F3AAkIM_Gm5gI7Hj-GB9ZqWYijiKFgcP3yrNQ59hhtZPM9nuxDnbKnEGHA_xpeK4RKQ3mzkpUT54snpuuorPJH8LNlIUA-JncS3_P0zPd7fPOAPlQOJqRNeMpGb4FX6vBypDZpBA5u6W6IGsrLrYQlUnjEDP1AxXE.9eBgk5PY0i8atJ5gnD0ANbDD6CMYjC4Cn4qHI0zgBew&dib_tag=se&keywords=hp+laptop&qid=1748199517&sprefix=hp+laptop+%2Caps%2C926&sr=8-19,"HP Laptop 15s, AMD Ryzen 5 5500U, 15.6-inch (39.6 cm), FHD, 8GB DDR4, 512GB SSD, AMD Radeon Graphics, Thin & Light, Dual Speakers (Win 11, MSO 2019, Silver, 1.69 kg), eq2144AU","37,403",https://m.media-amazon.com/images/W/MEDIAX_1215821-T2/images/I/71-I1PNzLSL._SX679_.jpg,4.1
https://www.amazon.in/HP-i5-1235U-Anti-Glare-Micro-Edge-fy5009tu/dp/B0D4M66F6R/ref=sr_1_18?crid=2SKGOSILZX0UY&dib=eyJ2IjoiMSJ9.FhTrnDY68bd1tD-h3S8D4aSjMNsJouRu0PkQmUbH0PoaL6alm9tOTg6Pr3l-M9hwHRTryBTH61F3AAkIM_Gm5gI7Hj-GB9ZqWYijiKFgcP3yrNQ59hhtZPM9nuxDnbKnEGHA_xpeK4RKQ3mzkpUT54snpuuorPJH8LNlIUA-JncS3_P0zPd7fPOAPlQOJqRNeMpGb4FX6vBypDZpBA5u6W6IGsrLrYQlUnjEDP1AxXE.9eBgk5PY0i8atJ5gnD0ANbDD6CMYjC4Cn4qHI0zgBew&dib_tag=se&keywords=hp+laptop&qid=1748199517&sprefix=hp+laptop+%2Caps%2C926&sr=8-18,"HP 15, 12th Gen Intel Core i5-1235U Laptop (16GB DDR4, 512GB SSD) Anti-Glare, 15.6""/39.6cm, FHD, Win 11, MSO 21, Silver, 1.69kg, Intel Iris Xe Graphics, HD Camera, Backlit Keyboard, fy5009tu/fd0111tu","50,490",https://m.media-amazon.com/images/W/MEDIAX_1215821-T2/images/I/71lmpgWjq-L._SX679_.jpg,3.9
https://www.amazon.in/HP-i5-12450H-15-6-inch-Response-fa0666TX/dp/B0C2HZYM87/ref=sr_1_17?crid=2SKGOSILZX0UY&dib=eyJ2IjoiMSJ9.FhTrnDY68bd1tD-h3S8D4aSjMNsJouRu0PkQmUbH0PoaL6alm9tOTg6Pr3l-M9hwHRTryBTH61F3AAkIM_Gm5gI7Hj-GB9ZqWYijiKFgcP3yrNQ59hhtZPM9nuxDnbKnEGHA_xpeK4RKQ3mzkpUT54snpuuorPJH8LNlIUA-JncS3_P0zPd7fPOAPlQOJqRNeMpGb4FX6vBypDZpBA5u6W6IGsrLrYQlUnjEDP1AxXE.9eBgk5PY0i8atJ5gnD0ANbDD6CMYjC4Cn4qHI0zgBew&dib_tag=se&keywords=hp+laptop&qid=1748199517&sprefix=hp+laptop+%2Caps%2C926&sr=8-17,"HP Victus, 12th Gen Intel Core i5-12450H, 4GB NVIDIA RTX 3050 Gaming Laptop (16GB DDR5, 512GB SSD), 144Hz, IPS, 15.6""/39.6cm, FHD, Windows 11, MS Office 21, Blue, 2.3kg, fa0333TX","60,990",https://m.media-amazon.com/images/W/MEDIAX_1215821-T2/images/I/71QKPYwiJuL._SX679_.jpg,4.1
https://www.amazon.in/HP-Victus-Powered-15-6-inch-Backlit/dp/B0D7PXTNRX/ref=sr_1_16?crid=2SKGOSILZX0UY&dib=eyJ2IjoiMSJ9.FhTrnDY68bd1tD-h3S8D4aSjMNsJouRu0PkQmUbH0PoaL6alm9tOTg6Pr3l-M9hwHRTryBTH61F3AAkIM_Gm5gI7Hj-GB9ZqWYijiKFgcP3yrNQ59hhtZPM9nuxDnbKnEGHA_xpeK4RKQ3mzkpUT54snpuuorPJH8LNlIUA-JncS3_P0zPd7fPOAPlQOJqRNeMpGb4FX6vBypDZpBA5u6W6IGsrLrYQlUnjEDP1AxXE.9eBgk5PY0i8atJ5gnD0ANbDD6CMYjC4Cn4qHI0zgBew&dib_tag=se&keywords=hp+laptop&qid=1748199517&sprefix=hp+laptop+%2Caps%2C926&sr=8-16,"HP Victus, AMD Ryzen 7-8845HS, 6GB NVIDIA GeForce RTX 4050 Gaming Laptop (16GB RAM, 1TB SSD) 144Hz, IPS, 300 nits, 15.6""/39.6cm, FHD, Win 11, MS Office, Blue, 2.29Kg, Backlit KB,DTS:X Ultra, fb2117AX","87,990",https://m.media-amazon.com/images/W/MEDIAX_1215821-T2/images/I/71Bl2rjsN8L._SX679_.jpg,4.4
https://www.amazon.in/HP-Victus-i5-13420H-Flicker-Free-Enhanced/dp/B0F79G1XW6/ref=sr_1_15?crid=2SKGOSILZX0UY&dib=eyJ2IjoiMSJ9.FhTrnDY68bd1tD-h3S8D4aSjMNsJouRu0PkQmUbH0PoaL6alm9tOTg6Pr3l-M9hwHRTryBTH61F3AAkIM_Gm5gI7Hj-GB9ZqWYijiKFgcP3yrNQ59hhtZPM9nuxDnbKnEGHA_xpeK4RKQ3mzkpUT54snpuuorPJH8LNlIUA-JncS3_P0zPd7fPOAPlQOJqRNeMpGb4FX6vBypDZpBA5u6W6IGsrLrYQlUnjEDP1AxXE.9eBgk5PY0i8atJ5gnD0ANbDD6CMYjC4Cn4qHI0zgBew&dib_tag=se&keywords=hp+laptop&qid=1748199517&sprefix=hp+laptop+%2Caps%2C926&sr=8-15,"HP Victus, 13th Gen Intel Core i5-13420H, 6GB RTX 4050 Gaming Laptop (16GB DDR4, 512GB SSD) 144Hz, IPS, 15.6""/39.6cm, Flicker-Free, Win 11, Office 21, Mica Silver, 2.29kg, Enhanced Cooling, fa1279TX","72,990",https://m.media-amazon.com/images/W/MEDIAX_1215821-T2/images/I/71UpXeeYmNL._SX679_.jpg,4.0
https://www.amazon.in/HP-Notebook-15-6-inch-Anti-Glare-Graphics/dp/B0DV984J97/ref=sr_1_14?crid=2SKGOSILZX0UY&dib=eyJ2IjoiMSJ9.FhTrnDY68bd1tD-h3S8D4aSjMNsJouRu0PkQmUbH0PoaL6alm9tOTg6Pr3l-M9hwHRTryBTH61F3AAkIM_Gm5gI7Hj-GB9ZqWYijiKFgcP3yrNQ59hhtZPM9nuxDnbKnEGHA_xpeK4RKQ3mzkpUT54snpuuorPJH8LNlIUA-JncS3_P0zPd7fPOAPlQOJqRNeMpGb4FX6vBypDZpBA5u6W6IGsrLrYQlUnjEDP1AxXE.9eBgk5PY0i8atJ5gnD0ANbDD6CMYjC4Cn4qHI0zgBew&dib_tag=se&keywords=hp+laptop&qid=1748199517&sprefix=hp+laptop+%2Caps%2C926&sr=8-14,"HP 255 Notebook, AMD Athlon Silver 7120U,8GB DDR4, 256GB SSD, 15.6-inch(39.6cm),Anti-Glare, HD Laptop, Radeon Graphics, (Win 11, Silver,1.52kg) G10","23,575",,4.5
https://www.amazon.in/HP-Laptop-15-6-inch-Graphics-fc0154AU/dp/B0D3HG5CMG/ref=sr_1_13_mod_primary_new?crid=2SKGOSILZX0UY&dib=eyJ2IjoiMSJ9.FhTrnDY68bd1tD-h3S8D4aSjMNsJouRu0PkQmUbH0PoaL6alm9tOTg6Pr3l-M9hwHRTryBTH61F3AAkIM_Gm5gI7Hj-GB9ZqWYijiKFgcP3yrNQ59hhtZPM9nuxDnbKnEGHA_xpeK4RKQ3mzkpUT54snpuuorPJH8LNlIUA-JncS3_P0zPd7fPOAPlQOJqRNeMpGb4FX6vBypDZpBA5u6W6IGsrLrYQlUnjEDP1AxXE.9eBgk5PY0i8atJ5gnD0ANbDD6CMYjC4Cn4qHI0zgBew&dib_tag=se&keywords=hp+laptop&qid=1748199517&sbo=RZvfv%2F%2FHxDF%2BO5021pAnSA%3D%3D&sprefix=hp+laptop+%2Caps%2C926&sr=8-13,"HP 15, AMD Ryzen 3 7320U Laptop (8GB LPDDR5, 512GB SSD) Anti-Glare, Micro-Edge, 15.6""/39.6cm,FHD, Win 11, Silver, 1.59kg, AMD Radeon Graphics, 1080p HD Camera, fc0154AU","30,590",https://m.media-amazon.com/images/W/MEDIAX_1215821-T2/images/I/719OMbh40jL._SX679_.jpg,4.0
https://www.amazon.in/HP-i5-1334U-Anti-Glare-Micro-Edge-fd0577TU/dp/B0F4R6H3NB/ref=sr_1_10?crid=2SKGOSILZX0UY&dib=eyJ2IjoiMSJ9.FhTrnDY68bd1tD-h3S8D4aSjMNsJouRu0PkQmUbH0PoaL6alm9tOTg6Pr3l-M9hwHRTryBTH61F3AAkIM_Gm5gI7Hj-GB9ZqWYijiKFgcP3yrNQ59hhtZPM9nuxDnbKnEGHA_xpeK4RKQ3mzkpUT54snpuuorPJH8LNlIUA-JncS3_P0zPd7fPOAPlQOJqRNeMpGb4FX6vBypDZpBA5u6W6IGsrLrYQlUnjEDP1AxXE.9eBgk5PY0i8atJ5gnD0ANbDD6CMYjC4Cn4qHI0zgBew&dib_tag=se&keywords=hp+laptop&qid=1748199517&sprefix=hp+laptop+%2Caps%2C926&sr=8-10,"HP 15, 13th Gen Intel Core i5-1334U Laptop (16GB DDR4,512GB SSD) Anti-Glare, Micro-Edge,15.6''/39.6cm, FHD, Win11,M365,Office24, Silver,1.59kg, Iris Xe Graphics,FHD Camera w/Privacy Shutter, fd0577TU","56,990",https://m.media-amazon.com/images/W/MEDIAX_1215821-T2/images/I/71bagLp2sXL._SX679_.jpg,3.8
https://www.amazon.in/HP-i5-1334U-Microsoft-Graphics-fd0467tu/dp/B0DTK9DZB4/ref=sr_1_9?crid=2SKGOSILZX0UY&dib=eyJ2IjoiMSJ9.FhTrnDY68bd1tD-h3S8D4aSjMNsJouRu0PkQmUbH0PoaL6alm9tOTg6Pr3l-M9hwHRTryBTH61F3AAkIM_Gm5gI7Hj-GB9ZqWYijiKFgcP3yrNQ59hhtZPM9nuxDnbKnEGHA_xpeK4RKQ3mzkpUT54snpuuorPJH8LNlIUA-JncS3_P0zPd7fPOAPlQOJqRNeMpGb4FX6vBypDZpBA5u6W6IGsrLrYQlUnjEDP1AxXE.9eBgk5PY0i8atJ5gnD0ANbDD6CMYjC4Cn4qHI0zgBew&dib_tag=se&keywords=hp+laptop&qid=1748199517&sprefix=hp+laptop+%2Caps%2C926&sr=8-9,"HP 15, 13th Gen Intel Core i5-1334U Laptop(16GB DDR4, 512GB SSD), 15.6""/39.6cm,FHD,Win 11,Office 24,Microsoft 365*, Silver,1.59kg, Iris Xe Graphics, FHD Camera w/Privacy Shutter, Backlit KB, fd0467tu","58,490",https://m.media-amazon.com/images/W/MEDIAX_1215821-T2/images/I/71bagLp2sXL._SX679_.jpg,3.2
https://www.amazon.in/HP-RyzenTM-15-6-inch-Speakers-15s-fc0156AU/dp/B0CY2PLQ8N/ref=sr_1_8?crid=2SKGOSILZX0UY&dib=eyJ2IjoiMSJ9.FhTrnDY68bd1tD-h3S8D4aSjMNsJouRu0PkQmUbH0PoaL6alm9tOTg6Pr3l-M9hwHRTryBTH61F3AAkIM_Gm5gI7Hj-GB9ZqWYijiKFgcP3yrNQ59hhtZPM9nuxDnbKnEGHA_xpeK4RKQ3mzkpUT54snpuuorPJH8LNlIUA-JncS3_P0zPd7fPOAPlQOJqRNeMpGb4FX6vBypDZpBA5u6W6IGsrLrYQlUnjEDP1AxXE.9eBgk5PY0i8atJ5gnD0ANbDD6CMYjC4Cn4qHI0zgBew&dib_tag=se&keywords=hp+laptop&qid=1748199517&sprefix=hp+laptop+%2Caps%2C926&sr=8-8,"HP 15, AMD Ryzen 5 7520U, 16GB DDR5, 512GB SSD, (Win 11, Office 21, Silver, 1.59kg), Anti-Glare, Micro-Edge, 15.6-inch(39.6cm), FHD Laptop, AMD Radeon Graphics, 1080p FHD Camera, Backlit KB, fc0156AU","42,990",https://m.media-amazon.com/images/W/MEDIAX_1215821-T2/images/I/710mh0SzbHL._SX679_.jpg,3.7
https://www.amazon.in/HP-i5-12450H-15-6-inch-Backlit-fa1379TX/dp/B0D81CP85D/ref=sr_1_7?crid=2SKGOSILZX0UY&dib=eyJ2IjoiMSJ9.FhTrnDY68bd1tD-h3S8D4aSjMNsJouRu0PkQmUbH0PoaL6alm9tOTg6Pr3l-M9hwHRTryBTH61F3AAkIM_Gm5gI7Hj-GB9ZqWYijiKFgcP3yrNQ59hhtZPM9nuxDnbKnEGHA_xpeK4RKQ3mzkpUT54snpuuorPJH8LNlIUA-JncS3_P0zPd7fPOAPlQOJqRNeMpGb4FX6vBypDZpBA5u6W6IGsrLrYQlUnjEDP1AxXE.9eBgk5PY0i8atJ5gnD0ANbDD6CMYjC4Cn4qHI0zgBew&dib_tag=se&keywords=hp+laptop&qid=1748199517&sprefix=hp+laptop+%2Caps%2C926&sr=8-7,"HP Victus, 12th Gen Intel Core i5-12450H, RTX 3050 Gaming Laptop (16GB DDR4, 512GB SSD) 144Hz, IPS, 15.6""/39.6cm, FHD, Win 11, MS Office 21, Blue, 2.3kg, fa1379TX/fa1412tx","63,990",https://m.media-amazon.com/images/W/MEDIAX_1215821-T2/images/I/71YRiXlRR9L._SX679_.jpg,3.6
https://www.amazon.in/HP-Pavilion-Laptop-Multitouch-14-ek1074TU/dp/B0CJ2KWNNQ/ref=sr_1_6?crid=2SKGOSILZX0UY&dib=eyJ2IjoiMSJ9.FhTrnDY68bd1tD-h3S8D4aSjMNsJouRu0PkQmUbH0PoaL6alm9tOTg6Pr3l-M9hwHRTryBTH61F3AAkIM_Gm5gI7Hj-GB9ZqWYijiKFgcP3yrNQ59hhtZPM9nuxDnbKnEGHA_xpeK4RKQ3mzkpUT54snpuuorPJH8LNlIUA-JncS3_P0zPd7fPOAPlQOJqRNeMpGb4FX6vBypDZpBA5u6W6IGsrLrYQlUnjEDP1AxXE.9eBgk5PY0i8atJ5gnD0ANbDD6CMYjC4Cn4qHI0zgBew&dib_tag=se&keywords=hp+laptop&qid=1748199517&sprefix=hp+laptop+%2Caps%2C926&sr=8-6,"HP Pavilion x360, 13th Gen Intel Core i5-1335U Laptop (16GB DDR4, 512GB SSD) Touchscreen, 14""/35.6cm, FHD, Win 11, Office 21, Silver, 1.51kg, Iris Xe, FPR, 5MP Camera, Backlit KB, Pen, ek1074TU","64,423",https://m.media-amazon.com/images/W/MEDIAX_1215821-T2/images/I/61u3ulvy8AL._SX679_.jpg,3.8
https://www.amazon.in/HP-Anti-Glare-Micro-Edge-Office24-fc0476AU/dp/B0F66X762F/ref=sr_1_5?crid=2SKGOSILZX0UY&dib=eyJ2IjoiMSJ9.FhTrnDY68bd1tD-h3S8D4aSjMNsJouRu0PkQmUbH0PoaL6alm9tOTg6Pr3l-M9hwHRTryBTH61F3AAkIM_Gm5gI7Hj-GB9ZqWYijiKFgcP3yrNQ59hhtZPM9nuxDnbKnEGHA_xpeK4RKQ3mzkpUT54snpuuorPJH8LNlIUA-JncS3_P0zPd7fPOAPlQOJqRNeMpGb4FX6vBypDZpBA5u6W6IGsrLrYQlUnjEDP1AxXE.9eBgk5PY0i8atJ5gnD0ANbDD6CMYjC4Cn4qHI0zgBew&dib_tag=se&keywords=hp+laptop&qid=1748199517&sprefix=hp+laptop+%2Caps%2C926&sr=8-5,"HP 15, AMD Ryzen 7 5825U Laptop (16GB DDR4,512GB SSD) Anti-Glare, Micro-Edge,15.6''/39.6cm, FHD, Win11, M365,Office24, Silver,1.59kg, Radeon Graphics, FHD Camera w/Privacy Shutter, Backlit, fc0476AU","52,405",https://m.media-amazon.com/images/W/MEDIAX_1215821-T2/images/I/71VfQ-UJDHL._SX679_.jpg,
https://www.amazon.in/HP-Graphics-15-6-inch-Backlit-fb0147AX/dp/B0C946F286/ref=sr_1_4?crid=2SKGOSILZX0UY&dib=eyJ2IjoiMSJ9.FhTrnDY68bd1tD-h3S8D4aSjMNsJouRu0PkQmUbH0PoaL6alm9tOTg6Pr3l-M9hwHRTryBTH61F3AAkIM_Gm5gI7Hj-GB9ZqWYijiKFgcP3yrNQ59hhtZPM9nuxDnbKnEGHA_xpeK4RKQ3mzkpUT54snpuuorPJH8LNlIUA-JncS3_P0zPd7fPOAPlQOJqRNeMpGb4FX6vBypDZpBA5u6W6IGsrLrYQlUnjEDP1AxXE.9eBgk5PY0i8atJ5gnD0ANbDD6CMYjC4Cn4qHI0zgBew&dib_tag=se&keywords=hp+laptop&qid=1748199517&sprefix=hp+laptop+%2Caps%2C926&sr=8-4,"HP Victus Gaming Laptop, AMD Ryzen 5 5600H, AMD 4GB Radeon RX 6500M Graphics, 15.6-inch (39.6 cm), FHD, IPS, 8GB DDR4, 512GB SSD, Backlit KB, B&O (Win 11, Blue, 2.29 kg), fb0147AX","48,905",https://m.media-amazon.com/images/W/MEDIAX_1215821-T2/images/I/71hC42cKbsL._SX679_.jpg,3.8
https://www.amazon.in/HP-GeForce-Graphics-Response-15-fb0106AX/dp/B0BWS9YNCX/ref=sr_1_3?crid=2SKGOSILZX0UY&dib=eyJ2IjoiMSJ9.FhTrnDY68bd1tD-h3S8D4aSjMNsJouRu0PkQmUbH0PoaL6alm9tOTg6Pr3l-M9hwHRTryBTH61F3AAkIM_Gm5gI7Hj-GB9ZqWYijiKFgcP3yrNQ59hhtZPM9nuxDnbKnEGHA_xpeK4RKQ3mzkpUT54snpuuorPJH8LNlIUA-JncS3_P0zPd7fPOAPlQOJqRNeMpGb4FX6vBypDZpBA5u6W6IGsrLrYQlUnjEDP1AxXE.9eBgk5PY0i8atJ5gnD0ANbDD6CMYjC4Cn4qHI0zgBew&dib_tag=se&keywords=hp+laptop&qid=1748199517&sprefix=hp+laptop+%2Caps%2C926&sr=8-3,"HP Victus, AMD Ryzen 5 5600H, NVIDIA RTX 3050, 16GB DDR4, 512GB SSD (Win11, Office21, Blue, 2.37kg) 144Hz, 9MS, IPS, 15.6-inch(39.6cm) Gaming Laptop, Backlit kb, Enhanced Cooling, fb0106AX/Fb0112AX","62,990",https://m.media-amazon.com/images/W/MEDIAX_1215821-T2/images/I/71J2F-6lIPL._SX679_.jpg,4.1
https://www.amazon.in/iPhone-16-Pro-Max-256/dp/B0DGJJM5HZ/ref=sr_1_18?crid=VSV5QZ1FO5FQ&dib=eyJ2IjoiMSJ9.qzVvw_QTsj7J6d_ocjlQlbSxeCQg-n_kb5N7OQqI6VSX0ZE-7QhPWxuXsvfHd89_h0CLC58my9VWfxhD-BWdRbG_Lc7LfrkjRRg536AdSebtOH5rZ-TjW3n3ubWdobvMotolOP4CCREFoTHEYS0wdYt1vIOJuTaj-lMxrBM00EIK-pd555OD63yuOZ0B1wTu_kUtds5uf_EXPaQQ0fOV-zG3sPoXqm02jpwADCm4FGo.60vCUL_yeN27LlKyobbPh9kVSPYfVgJ1Pc6UeUR-pgE&dib_tag=se&keywords=iphone&qid=1748196553&sprefix=iphone%2Caps%2C412&sr=8-18,"iPhone 16 Pro Max 256 GB: 5G Mobile Phone with Camera Control, 4K 120 fps Dolby Vision and a Huge Leap in Battery Life. Works with AirPods; Black Titanium","1,35,900",https://m.media-amazon.com/images/W/MEDIAX_1215821-T2/images/I/619oqSJVY5L._SX679_.jpg,4.3
https://www.amazon.in/iPhone-16-128-GB-Ultramarine/dp/B0DGJ7TGDR/ref=sr_1_17?crid=VSV5QZ1FO5FQ&dib=eyJ2IjoiMSJ9.qzVvw_QTsj7J6d_ocjlQlbSxeCQg-n_kb5N7OQqI6VSX0ZE-7QhPWxuXsvfHd89_h0CLC58my9VWfxhD-BWdRbG_Lc7LfrkjRRg536AdSebtOH5rZ-TjW3n3ubWdobvMotolOP4CCREFoTHEYS0wdYt1vIOJuTaj-lMxrBM00EIK-pd555OD63yuOZ0B1wTu_kUtds5uf_EXPaQQ0fOV-zG3sPoXqm02jpwADCm4FGo.60vCUL_yeN27LlKyobbPh9kVSPYfVgJ1Pc6UeUR-pgE&dib_tag=se&keywords=iphone&qid=1748196553&sprefix=iphone%2Caps%2C412&sr=8-17,"iPhone 16 128 GB: 5G Mobile Phone with Camera Control, A18 Chip and a Big Boost in Battery Life. Works with AirPods; Ultramarine","73,500",https://m.media-amazon.com/images/W/MEDIAX_1215821-T2/images/I/712SuRmHG4L._SX679_.jpg,4.4
https://www.amazon.in/Apple-iPhone-15-256-GB/dp/B0CHX2WQLX/ref=sr_1_16?crid=VSV5QZ1FO5FQ&dib=eyJ2IjoiMSJ9.qzVvw_QTsj7J6d_ocjlQlbSxeCQg-n_kb5N7OQqI6VSX0ZE-7QhPWxuXsvfHd89_h0CLC58my9VWfxhD-BWdRbG_Lc7LfrkjRRg536AdSebtOH5rZ-TjW3n3ubWdobvMotolOP4CCREFoTHEYS0wdYt1vIOJuTaj-lMxrBM00EIK-pd555OD63yuOZ0B1wTu_kUtds5uf_EXPaQQ0fOV-zG3sPoXqm02jpwADCm4FGo.60vCUL_yeN27LlKyobbPh9kVSPYfVgJ1Pc6UeUR-pgE&dib_tag=se&keywords=iphone&qid=1748196553&sprefix=iphone%2Caps%2C412&sr=8-16,Apple iPhone 15 (256 GB) - Black,"69,500",https://m.media-amazon.com/images/W/MEDIAX_1215821-T2/images/I/71657TiFeHL._SX679_.jpg,4.5
https://www.amazon.in/Apple-iPhone-15-256-GB/dp/B0CHX6N27Y/ref=sr_1_15?crid=VSV5QZ1FO5FQ&dib=eyJ2IjoiMSJ9.qzVvw_QTsj7J6d_ocjlQlbSxeCQg-n_kb5N7OQqI6VSX0ZE-7QhPWxuXsvfHd89_h0CLC58my9VWfxhD-BWdRbG_Lc7LfrkjRRg536AdSebtOH5rZ-TjW3n3ubWdobvMotolOP4CCREFoTHEYS0wdYt1vIOJuTaj-lMxrBM00EIK-pd555OD63yuOZ0B1wTu_kUtds5uf_EXPaQQ0fOV-zG3sPoXqm02jpwADCm4FGo.60vCUL_yeN27LlKyobbPh9kVSPYfVgJ1Pc6UeUR-pgE&dib_tag=se&keywords=iphone&qid=1748196553&sprefix=iphone%2Caps%2C412&sr=8-15,Apple iPhone 15 (256 GB) - Blue,"69,500",https://m.media-amazon.com/images/W/MEDIAX_1215821-T2/images/I/71d7rfSl0wL._SX679_.jpg,4.5
https://www.amazon.in/iPhone-16e-128-Intelligence-Supersized/dp/B0DXQHMRCP/ref=sr_1_14?crid=VSV5QZ1FO5FQ&dib=eyJ2IjoiMSJ9.qzVvw_QTsj7J6d_ocjlQlbSxeCQg-n_kb5N7OQqI6VSX0ZE-7QhPWxuXsvfHd89_h0CLC58my9VWfxhD-BWdRbG_Lc7LfrkjRRg536AdSebtOH5rZ-TjW3n3ubWdobvMotolOP4CCREFoTHEYS0wdYt1vIOJuTaj-lMxrBM00EIK-pd555OD63yuOZ0B1wTu_kUtds5uf_EXPaQQ0fOV-zG3sPoXqm02jpwADCm4FGo.60vCUL_yeN27LlKyobbPh9kVSPYfVgJ1Pc6UeUR-pgE&dib_tag=se&keywords=iphone&qid=1748196553&sprefix=iphone%2Caps%2C412&sr=8-14,"iPhone 16e 128 GB: Built for Apple Intelligence, A18 Chip, Supersized Battery Life, 48MP Fusion. Camera, 15.40 cm (6.1?) Super Retina XDR Display; White","53,400",https://m.media-amazon.com/images/W/MEDIAX_1215821-T2/images/I/61SKi94cImL._SX679_.jpg,4.4
https://www.amazon.in/iPhone-16-128-GB-Control/dp/B0DGJH8RYG/ref=sr_1_13?crid=VSV5QZ1FO5FQ&dib=eyJ2IjoiMSJ9.qzVvw_QTsj7J6d_ocjlQlbSxeCQg-n_kb5N7OQqI6VSX0ZE-7QhPWxuXsvfHd89_h0CLC58my9VWfxhD-BWdRbG_Lc7LfrkjRRg536AdSebtOH5rZ-TjW3n3ubWdobvMotolOP4CCREFoTHEYS0wdYt1vIOJuTaj-lMxrBM00EIK-pd555OD63yuOZ0B1wTu_kUtds5uf_EXPaQQ0fOV-zG3sPoXqm02jpwADCm4FGo.60vCUL_yeN27LlKyobbPh9kVSPYfVgJ1Pc6UeUR-pgE&dib_tag=se&keywords=iphone&qid=1748196553&sprefix=iphone%2Caps%2C412&sr=8-13,"iPhone 16 128 GB: 5G Mobile Phone with Camera Control, A18 Chip and a Big Boost in Battery Life. Works with AirPods; Teal","73,500",https://m.media-amazon.com/images/W/MEDIAX_1215821-T2/images/I/61eYPkT2zZL._SX679_.jpg,4.4
https://www.amazon.in/Apple-iPhone-13-128GB-Blue/dp/B09G9BL5CP/ref=sr_1_12?crid=VSV5QZ1FO5FQ&dib=eyJ2IjoiMSJ9.qzVvw_QTsj7J6d_ocjlQlbSxeCQg-n_kb5N7OQqI6VSX0ZE-7QhPWxuXsvfHd89_h0CLC58my9VWfxhD-BWdRbG_Lc7LfrkjRRg536AdSebtOH5rZ-TjW3n3ubWdobvMotolOP4CCREFoTHEYS0wdYt1vIOJuTaj-lMxrBM00EIK-pd555OD63yuOZ0B1wTu_kUtds5uf_EXPaQQ0fOV-zG3sPoXqm02jpwADCm4FGo.60vCUL_yeN27LlKyobbPh9kVSPYfVgJ1Pc6UeUR-pgE&dib_tag=se&keywords=iphone&qid=1748196553&sprefix=iphone%2Caps%2C412&sr=8-12,Apple iPhone 13 (128GB) - Blue,"43,900",https://m.media-amazon.com/images/W/MEDIAX_1215821-T2/images/I/71xb2xkN5qL._SX679_.jpg,4.5
https://www.amazon.in/Apple-iPhone-13-512GB-Starlight/dp/B09G99B791/ref=sr_1_11?crid=VSV5QZ1FO5FQ&dib=eyJ2IjoiMSJ9.qzVvw_QTsj7J6d_ocjlQlbSxeCQg-n_kb5N7OQqI6VSX0ZE-7QhPWxuXsvfHd89_h0CLC58my9VWfxhD-BWdRbG_Lc7LfrkjRRg536AdSebtOH5rZ-TjW3n3ubWdobvMotolOP4CCREFoTHEYS0wdYt1vIOJuTaj-lMxrBM00EIK-pd555OD63yuOZ0B1wTu_kUtds5uf_EXPaQQ0fOV-zG3sPoXqm02jpwADCm4FGo.60vCUL_yeN27LlKyobbPh9kVSPYfVgJ1Pc6UeUR-pgE&dib_tag=se&keywords=iphone&qid=1748196553&sprefix=iphone%2Caps%2C412&sr=8-11,Apple iPhone 13 (512GB) - Starlight,"60,900",https://m.media-amazon.com/images/W/MEDIAX_1215821-T2/images/I/71GLMJ7TQiL._SX679_.jpg,4.5
https://www.amazon.in/iPhone-16-Pro-128-GB/dp/B0DGJH94KM/ref=sr_1_10?crid=VSV5QZ1FO5FQ&dib=eyJ2IjoiMSJ9.qzVvw_QTsj7J6d_ocjlQlbSxeCQg-n_kb5N7OQqI6VSX0ZE-7QhPWxuXsvfHd89_h0CLC58my9VWfxhD-BWdRbG_Lc7LfrkjRRg536AdSebtOH5rZ-TjW3n3ubWdobvMotolOP4CCREFoTHEYS0wdYt1vIOJuTaj-lMxrBM00EIK-pd555OD63yuOZ0B1wTu_kUtds5uf_EXPaQQ0fOV-zG3sPoXqm02jpwADCm4FGo.60vCUL_yeN27LlKyobbPh9kVSPYfVgJ1Pc6UeUR-pgE&dib_tag=se&keywords=iphone&qid=1748196553&sprefix=iphone%2Caps%2C412&sr=8-10,"iPhone 16 Pro 128 GB: 5G Mobile Phone with Camera Control, 4K 120 fps Dolby Vision and a Huge Leap in Battery Life. Works with AirPods; Natural Titanium","1,12,900",https://m.media-amazon.com/images/W/MEDIAX_1215821-T2/images/I/61qV17Px4NL._SX679_.jpg,4.4
https://www.amazon.in/iPhone-16-128-GB-Control/dp/B0DGJHBX5Y/ref=sr_1_9?crid=VSV5QZ1FO5FQ&dib=eyJ2IjoiMSJ9.qzVvw_QTsj7J6d_ocjlQlbSxeCQg-n_kb5N7OQqI6VSX0ZE-7QhPWxuXsvfHd89_h0CLC58my9VWfxhD-BWdRbG_Lc7LfrkjRRg536AdSebtOH5rZ-TjW3n3ubWdobvMotolOP4CCREFoTHEYS0wdYt1vIOJuTaj-lMxrBM00EIK-pd555OD63yuOZ0B1wTu_kUtds5uf_EXPaQQ0fOV-zG3sPoXqm02jpwADCm4FGo.60vCUL_yeN27LlKyobbPh9kVSPYfVgJ1Pc6UeUR-pgE&dib_tag=se&keywords=iphone&qid=1748196553&sprefix=iphone%2Caps%2C412&sr=8-9,"iPhone 16 128 GB: 5G Mobile Phone with Camera Control, A18 Chip and a Big Boost in Battery Life. Works with AirPods; Black","73,500",https://m.media-amazon.com/images/W/MEDIAX_1215821-T2/images/I/61135j8fPJL._SX679_.jpg,4.4
https://www.amazon.in/iPhone-16-Pro-Max-256/dp/B0DGHYDZR9/ref=sr_1_8?crid=VSV5QZ1FO5FQ&dib=eyJ2IjoiMSJ9.qzVvw_QTsj7J6d_ocjlQlbSxeCQg-n_kb5N7OQqI6VSX0ZE-7QhPWxuXsvfHd89_h0CLC58my9VWfxhD-BWdRbG_Lc7LfrkjRRg536AdSebtOH5rZ-TjW3n3ubWdobvMotolOP4CCREFoTHEYS0wdYt1vIOJuTaj-lMxrBM00EIK-pd555OD63yuOZ0B1wTu_kUtds5uf_EXPaQQ0fOV-zG3sPoXqm02jpwADCm4FGo.60vCUL_yeN27LlKyobbPh9kVSPYfVgJ1Pc6UeUR-pgE&dib_tag=se&keywords=iphone&qid=1748196553&sprefix=iphone%2Caps%2C412&sr=8-8,"iPhone 16 Pro Max 256 GB: 5G Mobile Phone with Camera Control, 4K 120 fps Dolby Vision and a Huge Leap in Battery Life. Works with AirPods; Desert Titanium","1,35,900",https://m.media-amazon.com/images/W/MEDIAX_1215821-T2/images/I/61giwQtR1qL._SX679_.jpg,4.3
https://www.amazon.in/Apple-iPhone-15-128-GB/dp/B0CHX3TW6X/ref=sr_1_7?crid=VSV5QZ1FO5FQ&dib=eyJ2IjoiMSJ9.qzVvw_QTsj7J6d_ocjlQlbSxeCQg-n_kb5N7OQqI6VSX0ZE-7QhPWxuXsvfHd89_h0CLC58my9VWfxhD-BWdRbG_Lc7LfrkjRRg536AdSebtOH5rZ-TjW3n3ubWdobvMotolOP4CCREFoTHEYS0wdYt1vIOJuTaj-lMxrBM00EIK-pd555OD63yuOZ0B1wTu_kUtds5uf_EXPaQQ0fOV-zG3sPoXqm02jpwADCm4FGo.60vCUL_yeN27LlKyobbPh9kVSPYfVgJ1Pc6UeUR-pgE&dib_tag=se&keywords=iphone&qid=1748196553&sprefix=iphone%2Caps%2C412&sr=8-7,Apple iPhone 15 (128 GB) - Pink,"59,900",https://m.media-amazon.com/images/W/MEDIAX_1215821-T2/images/I/71v2jVh6nIL._SX679_.jpg,4.5
https://www.amazon.in/iPhone-16-Pro-256-GB/dp/B0DGJC8DG8/ref=sr_1_6?crid=VSV5QZ1FO5FQ&dib=eyJ2IjoiMSJ9.qzVvw_QTsj7J6d_ocjlQlbSxeCQg-n_kb5N7OQqI6VSX0ZE-7QhPWxuXsvfHd89_h0CLC58my9VWfxhD-BWdRbG_Lc7LfrkjRRg536AdSebtOH5rZ-TjW3n3ubWdobvMotolOP4CCREFoTHEYS0wdYt1vIOJuTaj-lMxrBM00EIK-pd555OD63yuOZ0B1wTu_kUtds5uf_EXPaQQ0fOV-zG3sPoXqm02jpwADCm4FGo.60vCUL_yeN27LlKyobbPh9kVSPYfVgJ1Pc6UeUR-pgE&dib_tag=se&keywords=iphone&qid=1748196553&sprefix=iphone%2Caps%2C412&sr=8-6,"iPhone 16 Pro 256 GB: 5G Mobile Phone with Camera Control, 4K 120 fps Dolby Vision and a Huge Leap in Battery Life. Works with AirPods; Black Titanium","1,22,900",https://m.media-amazon.com/images/W/MEDIAX_1215821-T2/images/I/61Ony8rgwEL._SX679_.jpg,4.4
https://www.amazon.in/Apple-iPhone-15-128-GB/dp/B0CHX2F5QT/ref=sr_1_5?crid=VSV5QZ1FO5FQ&dib=eyJ2IjoiMSJ9.qzVvw_QTsj7J6d_ocjlQlbSxeCQg-n_kb5N7OQqI6VSX0ZE-7QhPWxuXsvfHd89_h0CLC58my9VWfxhD-BWdRbG_Lc7LfrkjRRg536AdSebtOH5rZ-TjW3n3ubWdobvMotolOP4CCREFoTHEYS0wdYt1vIOJuTaj-lMxrBM00EIK-pd555OD63yuOZ0B1wTu_kUtds5uf_EXPaQQ0fOV-zG3sPoXqm02jpwADCm4FGo.60vCUL_yeN27LlKyobbPh9kVSPYfVgJ1Pc6UeUR-pgE&dib_tag=se&keywords=iphone&qid=1748196553&sprefix=iphone%2Caps%2C412&sr=8-5,Apple iPhone 15 (128 GB) - Blue,"59,900",https://m.media-amazon.com/images/W/MEDIAX_1215821-T2/images/I/71d7rfSl0wL._SX679_.jpg,4.5
https://www.amazon.in/iPhone-16e-128-Intelligence-Supersized/dp/B0DXQH1DBS/ref=sr_1_4?crid=VSV5QZ1FO5FQ&dib=eyJ2IjoiMSJ9.qzVvw_QTsj7J6d_ocjlQlbSxeCQg-n_kb5N7OQqI6VSX0ZE-7QhPWxuXsvfHd89_h0CLC58my9VWfxhD-BWdRbG_Lc7LfrkjRRg536AdSebtOH5rZ-TjW3n3ubWdobvMotolOP4CCREFoTHEYS0wdYt1vIOJuTaj-lMxrBM00EIK-pd555OD63yuOZ0B1wTu_kUtds5uf_EXPaQQ0fOV-zG3sPoXqm02jpwADCm4FGo.60vCUL_yeN27LlKyobbPh9kVSPYfVgJ1Pc6UeUR-pgE&dib_tag=se&keywords=iphone&qid=1748196553&sprefix=iphone%2Caps%2C412&sr=8-4,"iPhone 16e 128 GB: Built for Apple Intelligence, A18 Chip, Supersized Battery Life, 48MP Fusion. Camera, 15.40 cm (6.1?) Super Retina XDR Display; Black","53,400",https://m.media-amazon.com/images/W/MEDIAX_1215821-T2/images/I/61FMZ9rSZUL._SX679_.jpg,4.4
https://www.amazon.in/Apple-iPhone-15-128-GB/dp/B0CHX1W1XY/ref=sr_1_3?crid=VSV5QZ1FO5FQ&dib=eyJ2IjoiMSJ9.qzVvw_QTsj7J6d_ocjlQlbSxeCQg-n_kb5N7OQqI6VSX0ZE-7QhPWxuXsvfHd89_h0CLC58my9VWfxhD-BWdRbG_Lc7LfrkjRRg536AdSebtOH5rZ-TjW3n3ubWdobvMotolOP4CCREFoTHEYS0wdYt1vIOJuTaj-lMxrBM00EIK-pd555OD63yuOZ0B1wTu_kUtds5uf_EXPaQQ0fOV-zG3sPoXqm02jpwADCm4FGo.60vCUL_yeN27LlKyobbPh9kVSPYfVgJ1Pc6UeUR-pgE&dib_tag=se&keywords=iphone&qid=1748196553&sprefix=iphone%2Caps%2C412&sr=8-3,Apple iPhone 15 (128 GB) - Black,"59,700",https://m.media-amazon.com/images/W/MEDIAX_1215821-T2/images/I/71657TiFeHL._SX679_.jpg,4.5
https://www.amazon.in/Samsung-Galaxy-Smartphone-Yellow-Storage/dp/B0DH6WV827/ref=sr_1_20?crid=2Y1EKF1F6PG1N&dib=eyJ2IjoiMSJ9.r_TI8AGveG_ujkfVq7Z7zt2HorQ5aufvdhz-PNOa5YGHcZh_EaCm0JfDCN0U1D9AdKh06ZxBkrga9aC5YvmJ3k2bneBgRQjafeyraHZmis-TgE5BPxKwAcruAxkcGMpSeeoTp6AcrfBxqOkrmq3Vz4NXediotf6DZEy1zr4eRRTWDH7YJf7S-pXsvgYsx6Y0iWleE89rAUxO8lhZuMLxsUvggOglKHeVXC0Tm7mMhGc.AdrjNsjQ2JquB1QWPzyYOkCQ3hgRlh4tOAgKhOcwFgA&dib_tag=se&keywords=samsung+s+series&qid=1748197120&sprefix=samsung+s+series%2Caps%2C413&sr=8-20,"Samsung Galaxy S24 5G AI Smartphone (Amber Yellow, 8GB, 128GB Storage) with Other Offers","44,980",https://m.media-amazon.com/images/W/MEDIAX_1215821-T2/images/I/617rH1xpQTL._SX679_.jpg,4.7
https://www.amazon.in/Samsung-Galaxy-Smartphone-Titanium-Storage/dp/B0CS5Z4GD3/ref=sr_1_19_mod_primary_new?crid=2Y1EKF1F6PG1N&dib=eyJ2IjoiMSJ9.r_TI8AGveG_ujkfVq7Z7zt2HorQ5aufvdhz-PNOa5YGHcZh_EaCm0JfDCN0U1D9AdKh06ZxBkrga9aC5YvmJ3k2bneBgRQjafeyraHZmis-TgE5BPxKwAcruAxkcGMpSeeoTp6AcrfBxqOkrmq3Vz4NXediotf6DZEy1zr4eRRTWDH7YJf7S-pXsvgYsx6Y0iWleE89rAUxO8lhZuMLxsUvggOglKHeVXC0Tm7mMhGc.AdrjNsjQ2JquB1QWPzyYOkCQ3hgRlh4tOAgKhOcwFgA&dib_tag=se&keywords=samsung+s+series&qid=1748197120&sbo=RZvfv%2F%2FHxDF%2BO5021pAnSA%3D%3D&sprefix=samsung+s+series%2Caps%2C413&sr=8-19,"Samsung Galaxy S24 Ultra 5G AI Smartphone with Galaxy AI (Titanium Violet, 12GB, 256GB Storage), Snapdragon 8 Gen 3, 200 MP Camera with ProVisual Engine and 5000mAh Battery","89,999",https://m.media-amazon.com/images/W/MEDIAX_1215821-T2/images/I/81M4zm2+0FL._SX679_.jpg,4.3
https://www.amazon.in/Samsung-Galaxy-Smartphone-Cobalt-Storage/dp/B0CS6FPH6P/ref=sr_1_18?crid=2Y1EKF1F6PG1N&dib=eyJ2IjoiMSJ9.r_TI8AGveG_ujkfVq7Z7zt2HorQ5aufvdhz-PNOa5YGHcZh_EaCm0JfDCN0U1D9AdKh06ZxBkrga9aC5YvmJ3k2bneBgRQjafeyraHZmis-TgE5BPxKwAcruAxkcGMpSeeoTp6AcrfBxqOkrmq3Vz4NXediotf6DZEy1zr4eRRTWDH7YJf7S-pXsvgYsx6Y0iWleE89rAUxO8lhZuMLxsUvggOglKHeVXC0Tm7mMhGc.AdrjNsjQ2JquB1QWPzyYOkCQ3hgRlh4tOAgKhOcwFgA&dib_tag=se&keywords=samsung+s+series&qid=1748197120&sprefix=samsung+s+series%2Caps%2C413&sr=8-18,"Samsung Galaxy S24 Plus 5G AI Smartphone (Cobalt Violet, 12GB, 256GB Storage)","56,544",https://m.media-amazon.com/images/W/MEDIAX_1215821-T2/images/I/71j6POXc0uL._SX679_.jpg,3.9
https://www.amazon.in/Samsung-Galaxy-Smartphone-Marble-Storage/dp/B0CS69DGSW/ref=sr_1_17?crid=2Y1EKF1F6PG1N&dib=eyJ2IjoiMSJ9.r_TI8AGveG_ujkfVq7Z7zt2HorQ5aufvdhz-PNOa5YGHcZh_EaCm0JfDCN0U1D9AdKh06ZxBkrga9aC5YvmJ3k2bneBgRQjafeyraHZmis-TgE5BPxKwAcruAxkcGMpSeeoTp6AcrfBxqOkrmq3Vz4NXediotf6DZEy1zr4eRRTWDH7YJf7S-pXsvgYsx6Y0iWleE89rAUxO8lhZuMLxsUvggOglKHeVXC0Tm7mMhGc.AdrjNsjQ2JquB1QWPzyYOkCQ3hgRlh4tOAgKhOcwFgA&dib_tag=se&keywords=samsung+s+series&qid=1748197120&sprefix=samsung+s+series%2Caps%2C413&sr=8-17,"Samsung Galaxy S24 5G AI Smartphone (Marble Gray, 8GB, 128GB Storage)","45,499",https://m.media-amazon.com/images/W/MEDIAX_1215821-T2/images/I/71SVRdsgY-L._SX679_.jpg,4.2
https://www.amazon.in/Galaxy-S24-FE-5G-Smartphone/dp/B0DT9LM1VG/ref=sr_1_16?crid=2Y1EKF1F6PG1N&dib=eyJ2IjoiMSJ9.r_TI8AGveG_ujkfVq7Z7zt2HorQ5aufvdhz-PNOa5YGHcZh_EaCm0JfDCN0U1D9AdKh06ZxBkrga9aC5YvmJ3k2bneBgRQjafeyraHZmis-TgE5BPxKwAcruAxkcGMpSeeoTp6AcrfBxqOkrmq3Vz4NXediotf6DZEy1zr4eRRTWDH7YJf7S-pXsvgYsx6Y0iWleE89rAUxO8lhZuMLxsUvggOglKHeVXC0Tm7mMhGc.AdrjNsjQ2JquB1QWPzyYOkCQ3hgRlh4tOAgKhOcwFgA&dib_tag=se&keywords=samsung+s+series&qid=1748197120&sprefix=samsung+s+series%2Caps%2C413&sr=8-16,"Samsung Galaxy S24 FE 5G AI Smartphone (Graphite, 8GB RAM, 256GB Storage)","44,199",https://m.media-amazon.com/images/W/MEDIAX_1215821-T2/images/I/31veKMDToPL._SX679_.jpg,3.6
https://www.amazon.in/Galaxy-S24-FE-5G-Processor/dp/B0F29X6LWB/ref=sr_1_15?crid=2Y1EKF1F6PG1N&dib=eyJ2IjoiMSJ9.r_TI8AGveG_ujkfVq7Z7zt2HorQ5aufvdhz-PNOa5YGHcZh_EaCm0JfDCN0U1D9AdKh06ZxBkrga9aC5YvmJ3k2bneBgRQjafeyraHZmis-TgE5BPxKwAcruAxkcGMpSeeoTp6AcrfBxqOkrmq3Vz4NXediotf6DZEy1zr4eRRTWDH7YJf7S-pXsvgYsx6Y0iWleE89rAUxO8lhZuMLxsUvggOglKHeVXC0Tm7mMhGc.AdrjNsjQ2JquB1QWPzyYOkCQ3hgRlh4tOAgKhOcwFgA&dib_tag=se&keywords=samsung+s+series&qid=1748197120&sprefix=samsung+s+series%2Caps%2C413&sr=8-15,"Samsung Galaxy S24 FE 5G (Mint, 8GB RAM+ 256GB Storage) | Exynos 2400e Processor | Dynamic AMOLED Display | Dual Nano-SIM | 4700mAh Battery","43,999",https://m.media-amazon.com/images/W/MEDIAX_1215821-T2/images/I/51BxIi3O-4L.jpg,4.0
https://www.amazon.in/Samsung-Galaxy-Smartphone-Marble-Storage/dp/B0DH6TR9MC/ref=sr_1_14?crid=2Y1EKF1F6PG1N&dib=eyJ2IjoiMSJ9.r_TI8AGveG_ujkfVq7Z7zt2HorQ5aufvdhz-PNOa5YGHcZh_EaCm0JfDCN0U1D9AdKh06ZxBkrga9aC5YvmJ3k2bneBgRQjafeyraHZmis-TgE5BPxKwAcruAxkcGMpSeeoTp6AcrfBxqOkrmq3Vz4NXediotf6DZEy1zr4eRRTWDH7YJf7S-pXsvgYsx6Y0iWleE89rAUxO8lhZuMLxsUvggOglKHeVXC0Tm7mMhGc.AdrjNsjQ2JquB1QWPzyYOkCQ3hgRlh4tOAgKhOcwFgA&dib_tag=se&keywords=samsung+s+series&qid=1748197120&sprefix=samsung+s+series%2Caps%2C413&sr=8-14,"Samsung Galaxy S24 5G AI Smartphone (Marble Gray, 8GB, 128GB Storage) with Other Offers","51,999",https://m.media-amazon.com/images/W/MEDIAX_1215821-T2/images/I/61jSc40Zs8L._SX679_.jpg,4.7
https://www.amazon.in/Samsung-E1/dp/B0CS69N54K/ref=sr_1_13?crid=2Y1EKF1F6PG1N&dib=eyJ2IjoiMSJ9.r_TI8AGveG_ujkfVq7Z7zt2HorQ5aufvdhz-PNOa5YGHcZh_EaCm0JfDCN0U1D9AdKh06ZxBkrga9aC5YvmJ3k2bneBgRQjafeyraHZmis-TgE5BPxKwAcruAxkcGMpSeeoTp6AcrfBxqOkrmq3Vz4NXediotf6DZEy1zr4eRRTWDH7YJf7S-pXsvgYsx6Y0iWleE89rAUxO8lhZuMLxsUvggOglKHeVXC0Tm7mMhGc.AdrjNsjQ2JquB1QWPzyYOkCQ3hgRlh4tOAgKhOcwFgA&dib_tag=se&keywords=samsung+s+series&qid=1748197120&sprefix=samsung+s+series%2Caps%2C413&sr=8-13,"Samsung Galaxy S24 5G AI Smartphone (Marble Gray, 8GB, 256GB Storage)","51,990",https://m.media-amazon.com/images/W/MEDIAX_1215821-T2/images/I/61+g6KrDXdL._SX679_.jpg,4.0
https://www.amazon.in/S21-FE-5G-Lavender-Snapdragon/dp/B0CLNTJNC6/ref=sr_1_10?crid=2Y1EKF1F6PG1N&dib=eyJ2IjoiMSJ9.r_TI8AGveG_ujkfVq7Z7zt2HorQ5aufvdhz-PNOa5YGHcZh_EaCm0JfDCN0U1D9AdKh06ZxBkrga9aC5YvmJ3k2bneBgRQjafeyraHZmis-TgE5BPxKwAcruAxkcGMpSeeoTp6AcrfBxqOkrmq3Vz4NXediotf6DZEy1zr4eRRTWDH7YJf7S-pXsvgYsx6Y0iWleE89rAUxO8lhZuMLxsUvggOglKHeVXC0Tm7mMhGc.AdrjNsjQ2JquB1QWPzyYOkCQ3hgRlh4tOAgKhOcwFgA&dib_tag=se&keywords=samsung+s+series&qid=1748197120&sprefix=samsung+s+series%2Caps%2C413&sr=8-10,"Samsung Galaxy S21 FE 5G (Lavender, 8GB RAM, 256GB Storage) with Snapdragon 888 Processor","38,990",https://m.media-amazon.com/images/W/MEDIAX_1215821-T2/images/I/71SevKMKB6L._SX679_.jpg,4.0
https://www.amazon.in/Samsung-Galaxy-Smartphone-Titanium-Storage/dp/B0CS5Z3T4M/ref=sr_1_9?crid=2Y1EKF1F6PG1N&dib=eyJ2IjoiMSJ9.r_TI8AGveG_ujkfVq7Z7zt2HorQ5aufvdhz-PNOa5YGHcZh_EaCm0JfDCN0U1D9AdKh06ZxBkrga9aC5YvmJ3k2bneBgRQjafeyraHZmis-TgE5BPxKwAcruAxkcGMpSeeoTp6AcrfBxqOkrmq3Vz4NXediotf6DZEy1zr4eRRTWDH7YJf7S-pXsvgYsx6Y0iWleE89rAUxO8lhZuMLxsUvggOglKHeVXC0Tm7mMhGc.AdrjNsjQ2JquB1QWPzyYOkCQ3hgRlh4tOAgKhOcwFgA&dib_tag=se&keywords=samsung+s+series&qid=1748197120&sprefix=samsung+s+series%2Caps%2C413&sr=8-9,"Samsung Galaxy S24 Ultra 5G AI Smartphone with Galaxy AI (Titanium Black, 12GB, 256GB Storage), Snapdragon 8 Gen 3, 200 MP Camera with ProVisual Engine and 5000mAh Battery","90,900",https://m.media-amazon.com/images/W/MEDIAX_1215821-T2/images/I/71Nwtop9jtL._SX679_.jpg,4.3
https://www.amazon.in/Samsung-Galaxy-Smartphone-Black-Storage/dp/B0CR44MHBD/ref=sr_1_8?crid=2Y1EKF1F6PG1N&dib=eyJ2IjoiMSJ9.r_TI8AGveG_ujkfVq7Z7zt2HorQ5aufvdhz-PNOa5YGHcZh_EaCm0JfDCN0U1D9AdKh06ZxBkrga9aC5YvmJ3k2bneBgRQjafeyraHZmis-TgE5BPxKwAcruAxkcGMpSeeoTp6AcrfBxqOkrmq3Vz4NXediotf6DZEy1zr4eRRTWDH7YJf7S-pXsvgYsx6Y0iWleE89rAUxO8lhZuMLxsUvggOglKHeVXC0Tm7mMhGc.AdrjNsjQ2JquB1QWPzyYOkCQ3hgRlh4tOAgKhOcwFgA&dib_tag=se&keywords=samsung+s+series&qid=1748197120&sprefix=samsung+s+series%2Caps%2C413&sr=8-8,"Samsung Galaxy S24 Plus 5G AI Smartphone (Onyx Black, 12GB, 256GB Storage)","56,958",https://m.media-amazon.com/images/W/MEDIAX_1215821-T2/images/I/71b7LNeWiaL._SX679_.jpg,3.9
https://www.amazon.in/Samsung-Galaxy-Smartphone-Black-Storage/dp/B0CS69QQTG/ref=sr_1_7_mod_primary_new?crid=2Y1EKF1F6PG1N&dib=eyJ2IjoiMSJ9.r_TI8AGveG_ujkfVq7Z7zt2HorQ5aufvdhz-PNOa5YGHcZh_EaCm0JfDCN0U1D9AdKh06ZxBkrga9aC5YvmJ3k2bneBgRQjafeyraHZmis-TgE5BPxKwAcruAxkcGMpSeeoTp6AcrfBxqOkrmq3Vz4NXediotf6DZEy1zr4eRRTWDH7YJf7S-pXsvgYsx6Y0iWleE89rAUxO8lhZuMLxsUvggOglKHeVXC0Tm7mMhGc.AdrjNsjQ2JquB1QWPzyYOkCQ3hgRlh4tOAgKhOcwFgA&dib_tag=se&keywords=samsung+s+series&qid=1748197120&sbo=RZvfv%2F%2FHxDF%2BO5021pAnSA%3D%3D&sprefix=samsung+s+series%2Caps%2C413&sr=8-7,"Samsung Galaxy S24 5G AI Smartphone (Onyx Black, 8GB, 256GB Storage)","51,500",https://m.media-amazon.com/images/W/MEDIAX_1215821-T2/images/I/714DutH6IBL._SX679_.jpg,4.2
https://www.amazon.in/Samsung-Galaxy-Smartphone-128GB-Storage/dp/B0DHL98QM2/ref=sr_1_6?crid=2Y1EKF1F6PG1N&dib=eyJ2IjoiMSJ9.r_TI8AGveG_ujkfVq7Z7zt2HorQ5aufvdhz-PNOa5YGHcZh_EaCm0JfDCN0U1D9AdKh06ZxBkrga9aC5YvmJ3k2bneBgRQjafeyraHZmis-TgE5BPxKwAcruAxkcGMpSeeoTp6AcrfBxqOkrmq3Vz4NXediotf6DZEy1zr4eRRTWDH7YJf7S-pXsvgYsx6Y0iWleE89rAUxO8lhZuMLxsUvggOglKHeVXC0Tm7mMhGc.AdrjNsjQ2JquB1QWPzyYOkCQ3hgRlh4tOAgKhOcwFgA&dib_tag=se&keywords=samsung+s+series&qid=1748197120&sprefix=samsung+s+series%2Caps%2C413&sr=8-6,"Samsung Galaxy S24 FE 5G AI Smartphone (Blue, 8GB RAM, 128GB Storage)","34,990",https://m.media-amazon.com/images/W/MEDIAX_1215821-T2/images/I/71asXBK4i7L._SX679_.jpg,3.7
https://www.amazon.in/Samsung-Galaxy-Smartphone-128GB-Storage/dp/B0DHL85K81/ref=sr_1_5?crid=2Y1EKF1F6PG1N&dib=eyJ2IjoiMSJ9.r_TI8AGveG_ujkfVq7Z7zt2HorQ5aufvdhz-PNOa5YGHcZh_EaCm0JfDCN0U1D9AdKh06ZxBkrga9aC5YvmJ3k2bneBgRQjafeyraHZmis-TgE5BPxKwAcruAxkcGMpSeeoTp6AcrfBxqOkrmq3Vz4NXediotf6DZEy1zr4eRRTWDH7YJf7S-pXsvgYsx6Y0iWleE89rAUxO8lhZuMLxsUvggOglKHeVXC0Tm7mMhGc.AdrjNsjQ2JquB1QWPzyYOkCQ3hgRlh4tOAgKhOcwFgA&dib_tag=se&keywords=samsung+s+series&qid=1748197120&sprefix=samsung+s+series%2Caps%2C413&sr=8-5,"Samsung Galaxy S24 FE 5G AI Smartphone (Mint, 8GB RAM, 128GB Storage)","34,990",https://m.media-amazon.com/images/W/MEDIAX_1215821-T2/images/I/71ZEUU8JejL._SX679_.jpg,4.2
https://www.amazon.in/Samsung-Galaxy-Smartphone-Titanium-Storage/dp/B0CS5XW6TN/ref=sr_1_4_mod_primary_new?crid=2Y1EKF1F6PG1N&dib=eyJ2IjoiMSJ9.r_TI8AGveG_ujkfVq7Z7zt2HorQ5aufvdhz-PNOa5YGHcZh_EaCm0JfDCN0U1D9AdKh06ZxBkrga9aC5YvmJ3k2bneBgRQjafeyraHZmis-TgE5BPxKwAcruAxkcGMpSeeoTp6AcrfBxqOkrmq3Vz4NXediotf6DZEy1zr4eRRTWDH7YJf7S-pXsvgYsx6Y0iWleE89rAUxO8lhZuMLxsUvggOglKHeVXC0Tm7mMhGc.AdrjNsjQ2JquB1QWPzyYOkCQ3hgRlh4tOAgKhOcwFgA&dib_tag=se&keywords=samsung+s+series&qid=1748197120&sbo=RZvfv%2F%2FHxDF%2BO5021pAnSA%3D%3D&sprefix=samsung+s+series%2Caps%2C413&sr=8-4,"Samsung Galaxy S24 Ultra 5G AI Smartphone with Galaxy AI (Titanium Gray, 12GB, 256GB Storage), Snapdragon 8 Gen 3, 200 MP Camera with ProVisual Engine and 5000mAh Battery","89,900",https://m.media-amazon.com/images/W/MEDIAX_1215821-T2/images/I/717Q2swzhBL._SX679_.jpg,4.1
https://www.amazon.in/Samsung-Galaxy-Smartphone-Graphite-Storage/dp/B0DHL7YT5S/ref=sr_1_3?crid=2Y1EKF1F6PG1N&dib=eyJ2IjoiMSJ9.r_TI8AGveG_ujkfVq7Z7zt2HorQ5aufvdhz-PNOa5YGHcZh_EaCm0JfDCN0U1D9AdKh06ZxBkrga9aC5YvmJ3k2bneBgRQjafeyraHZmis-TgE5BPxKwAcruAxkcGMpSeeoTp6AcrfBxqOkrmq3Vz4NXediotf6DZEy1zr4eRRTWDH7YJf7S-pXsvgYsx6Y0iWleE89rAUxO8lhZuMLxsUvggOglKHeVXC0Tm7mMhGc.AdrjNsjQ2JquB1QWPzyYOkCQ3hgRlh4tOAgKhOcwFgA&dib_tag=se&keywords=samsung+s+series&qid=1748197120&sprefix=samsung+s+series%2Caps%2C413&sr=8-3,"Samsung Galaxy S24 FE 5G AI Smartphone (Graphite, 8GB RAM, 128GB Storage)","34,835",https://m.media-amazon.com/images/W/MEDIAX_1215821-T2/images/I/71eUNTW+nJL._SX679_.jpg,4.0
https://www.amazon.in/Sony-BRAVIA-inches-Google-K-50S20/dp/B0D3DWSR72/ref=sr_1_20?crid=3OMOLEGFR10LM&dib=eyJ2IjoiMSJ9.fCXT-fNnDJk8BEcpEukS-dellP-_UjTWuJlEBgmfTNnipDMIljPKdGqxrHyt0gk109tcJdf1tBjss5gbF0spJzkN8NZfQ6ilY4QFtbLrYsIJUw9GGYHNeFDdcb5In_49u-5po7wAJwplYgRWMDaZsRECRAwLFhptu5XCaW8DGJ4QacK3KldsR8KAsNpcAoJCn8zzGTBAcCXTatJmGmWvMkgf63knW4T-pCdpltcTOrs.CaLguFvNDmNQzHHYDjtTR1hxOQaWdEhn6_bkEg6lAJ0&dib_tag=se&keywords=sony+tv&qid=1748200756&sprefix=sony+tv%2Caps%2C333&sr=8-20,Sony BRAVIA 2 Series 126 cm (50 inches) 4K Ultra HD Smart LED Google TV K-50S20 (Black),"56,990",,4.6
https://www.amazon.in/Sony-BRAVIA-inches-Google-K-55XR80/dp/B0D3DWHJN3/ref=sr_1_19?crid=3OMOLEGFR10LM&dib=eyJ2IjoiMSJ9.fCXT-fNnDJk8BEcpEukS-dellP-_UjTWuJlEBgmfTNnipDMIljPKdGqxrHyt0gk109tcJdf1tBjss5gbF0spJzkN8NZfQ6ilY4QFtbLrYsIJUw9GGYHNeFDdcb5In_49u-5po7wAJwplYgRWMDaZsRECRAwLFhptu5XCaW8DGJ4QacK3KldsR8KAsNpcAoJCn8zzGTBAcCXTatJmGmWvMkgf63knW4T-pCdpltcTOrs.CaLguFvNDmNQzHHYDjtTR1hxOQaWdEhn6_bkEg6lAJ0&dib_tag=se&keywords=sony+tv&qid=1748200756&sprefix=sony+tv%2Caps%2C333&sr=8-19,Sony BRAVIA 8 Series 139 cm (55 inches) 4K Ultra HD AI Smart OLED Google TV K-55XR80 (Black),"1,97,990",https://m.media-amazon.com/images/W/MEDIAX_1215821-T2/images/I/81IAdR7FhwL._SX679_.jpg,4.3
https://www.amazon.in/Sony-BRAVIA-inches-Google-K-85XR90/dp/B0D3DWC43K/ref=sr_1_18?crid=3OMOLEGFR10LM&dib=eyJ2IjoiMSJ9.fCXT-fNnDJk8BEcpEukS-dellP-_UjTWuJlEBgmfTNnipDMIljPKdGqxrHyt0gk109tcJdf1tBjss5gbF0spJzkN8NZfQ6ilY4QFtbLrYsIJUw9GGYHNeFDdcb5In_49u-5po7wAJwplYgRWMDaZsRECRAwLFhptu5XCaW8DGJ4QacK3KldsR8KAsNpcAoJCn8zzGTBAcCXTatJmGmWvMkgf63knW4T-pCdpltcTOrs.CaLguFvNDmNQzHHYDjtTR1hxOQaWdEhn6_bkEg6lAJ0&dib_tag=se&keywords=sony+tv&qid=1748200756&sprefix=sony+tv%2Caps%2C333&sr=8-18,Sony BRAVIA 9 Series 215 cm (85 inches) 4K Ultra HD AI Smart Mini LED Google TV K-85XR90 (Black),"5,50,990",https://m.media-amazon.com/images/W/MEDIAX_1215821-T2/images/I/81pNgzLCMnL._SX679_.jpg,4.0
https://www.amazon.in/Sony-BRAVIA-inches-Google-KD-32W835/dp/B0D3DX7DKF/ref=sr_1_17?crid=3OMOLEGFR10LM&dib=eyJ2IjoiMSJ9.fCXT-fNnDJk8BEcpEukS-dellP-_UjTWuJlEBgmfTNnipDMIljPKdGqxrHyt0gk109tcJdf1tBjss5gbF0spJzkN8NZfQ6ilY4QFtbLrYsIJUw9GGYHNeFDdcb5In_49u-5po7wAJwplYgRWMDaZsRECRAwLFhptu5XCaW8DGJ4QacK3KldsR8KAsNpcAoJCn8zzGTBAcCXTatJmGmWvMkgf63knW4T-pCdpltcTOrs.CaLguFvNDmNQzHHYDjtTR1hxOQaWdEhn6_bkEg6lAJ0&dib_tag=se&keywords=sony+tv&qid=1748200756&sprefix=sony+tv%2Caps%2C333&sr=8-17,Sony BRAVIA 80 cm (32 inches) HD Ready Smart LED Google TV KD-32W835 (Black),"27,990",https://m.media-amazon.com/images/W/MEDIAX_1215821-T2/images/I/713gsfKMrIL._SX679_.jpg,4.5
https://www.amazon.in/Sony-BRAVIA-inches-Google-K-43S20/dp/B0D3DWD7TK/ref=sr_1_16?crid=3OMOLEGFR10LM&dib=eyJ2IjoiMSJ9.fCXT-fNnDJk8BEcpEukS-dellP-_UjTWuJlEBgmfTNnipDMIljPKdGqxrHyt0gk109tcJdf1tBjss5gbF0spJzkN8NZfQ6ilY4QFtbLrYsIJUw9GGYHNeFDdcb5In_49u-5po7wAJwplYgRWMDaZsRECRAwLFhptu5XCaW8DGJ4QacK3KldsR8KAsNpcAoJCn8zzGTBAcCXTatJmGmWvMkgf63knW4T-pCdpltcTOrs.CaLguFvNDmNQzHHYDjtTR1hxOQaWdEhn6_bkEg6lAJ0&dib_tag=se&keywords=sony+tv&qid=1748200756&sprefix=sony+tv%2Caps%2C333&sr=8-16,Sony BRAVIA 2 Series 108 cm (43 inches) 4K Ultra HD Smart LED Google TV K-43S20 (Black),"40,490",https://m.media-amazon.com/images/W/MEDIAX_1215821-T2/images/I/815Ptvk25pL._SX679_.jpg,4.6
https://www.amazon.in/Sony-Bravia-inches-Google-KD-65X74L/dp/B0C1HCS2WZ/ref=sr_1_15?crid=3OMOLEGFR10LM&dib=eyJ2IjoiMSJ9.fCXT-fNnDJk8BEcpEukS-dellP-_UjTWuJlEBgmfTNnipDMIljPKdGqxrHyt0gk109tcJdf1tBjss5gbF0spJzkN8NZfQ6ilY4QFtbLrYsIJUw9GGYHNeFDdcb5In_49u-5po7wAJwplYgRWMDaZsRECRAwLFhptu5XCaW8DGJ4QacK3KldsR8KAsNpcAoJCn8zzGTBAcCXTatJmGmWvMkgf63knW4T-pCdpltcTOrs.CaLguFvNDmNQzHHYDjtTR1hxOQaWdEhn6_bkEg6lAJ0&dib_tag=se&keywords=sony+tv&qid=1748200756&sprefix=sony+tv%2Caps%2C333&sr=8-15,Sony Bravia 164 cm (65 inches) 4K Ultra HD Smart LED Google TV KD-65X74L (Black),"64,999",https://m.media-amazon.com/images/W/MEDIAX_1215821-T2/images/I/81MRU+3RJLL._SX679_.jpg,4.7
https://www.amazon.in/Sony-Bravia-inches-Google-XR-55X90L/dp/B0C6KNGF8J/ref=sr_1_14?crid=3OMOLEGFR10LM&dib=eyJ2IjoiMSJ9.fCXT-fNnDJk8BEcpEukS-dellP-_UjTWuJlEBgmfTNnipDMIljPKdGqxrHyt0gk109tcJdf1tBjss5gbF0spJzkN8NZfQ6ilY4QFtbLrYsIJUw9GGYHNeFDdcb5In_49u-5po7wAJwplYgRWMDaZsRECRAwLFhptu5XCaW8DGJ4QacK3KldsR8KAsNpcAoJCn8zzGTBAcCXTatJmGmWvMkgf63knW4T-pCdpltcTOrs.CaLguFvNDmNQzHHYDjtTR1hxOQaWdEhn6_bkEg6lAJ0&dib_tag=se&keywords=sony+tv&qid=1748200756&sprefix=sony+tv%2Caps%2C333&sr=8-14,Sony Bravia 139 cm (55 inches) XR Series 4K Ultra HD Smart Full Array LED Google TV XR-55X90L (Black),"1,05,440",https://m.media-amazon.com/images/W/MEDIAX_1215821-T2/images/I/81Uc3NUrdkL._SX679_.jpg,4.7
https://www.amazon.in/Sony-BRAVIA-inches-Google-K-50S25/dp/B0D3DW7BQJ/ref=sr_1_13?crid=3OMOLEGFR10LM&dib=eyJ2IjoiMSJ9.fCXT-fNnDJk8BEcpEukS-dellP-_UjTWuJlEBgmfTNnipDMIljPKdGqxrHyt0gk109tcJdf1tBjss5gbF0spJzkN8NZfQ6ilY4QFtbLrYsIJUw9GGYHNeFDdcb5In_49u-5po7wAJwplYgRWMDaZsRECRAwLFhptu5XCaW8DGJ4QacK3KldsR8KAsNpcAoJCn8zzGTBAcCXTatJmGmWvMkgf63knW4T-pCdpltcTOrs.CaLguFvNDmNQzHHYDjtTR1hxOQaWdEhn6_bkEg6lAJ0&dib_tag=se&keywords=sony+tv&qid=1748200756&sprefix=sony+tv%2Caps%2C333&sr=8-13,Sony BRAVIA 2 Series 126 cm (50 inches) 4K Ultra HD Smart LED Google TV K-50S25 (Black),"58,890",https://m.media-amazon.com/images/W/MEDIAX_1215821-T2/images/I/81tVUMhHjeL._SX679_.jpg,4.7
https://www.amazon.in/Sony-BRAVIA-inches-Google-KD-32W825/dp/B0D3DVRRKW/ref=sr_1_10?crid=3OMOLEGFR10LM&dib=eyJ2IjoiMSJ9.fCXT-fNnDJk8BEcpEukS-dellP-_UjTWuJlEBgmfTNnipDMIljPKdGqxrHyt0gk109tcJdf1tBjss5gbF0spJzkN8NZfQ6ilY4QFtbLrYsIJUw9GGYHNeFDdcb5In_49u-5po7wAJwplYgRWMDaZsRECRAwLFhptu5XCaW8DGJ4QacK3KldsR8KAsNpcAoJCn8zzGTBAcCXTatJmGmWvMkgf63knW4T-pCdpltcTOrs.CaLguFvNDmNQzHHYDjtTR1hxOQaWdEhn6_bkEg6lAJ0&dib_tag=se&keywords=sony+tv&qid=1748200756&sprefix=sony+tv%2Caps%2C333&sr=8-10,Sony BRAVIA 80 cm (32 inches) HD Ready Smart LED Google TV KD-32W825 (Black),"26,990",https://m.media-amazon.com/images/W/MEDIAX_1215821-T2/images/I/71j0Ro-Y-2L._SX679_.jpg,4.7
https://www.amazon.in/Sony-BRAVIA-inches-Google-K-75S30B/dp/B0D3DVC6FF/ref=sr_1_9?crid=3OMOLEGFR10LM&dib=eyJ2IjoiMSJ9.fCXT-fNnDJk8BEcpEukS-dellP-_UjTWuJlEBgmfTNnipDMIljPKdGqxrHyt0gk109tcJdf1tBjss5gbF0spJzkN8NZfQ6ilY4QFtbLrYsIJUw9GGYHNeFDdcb5In_49u-5po7wAJwplYgRWMDaZsRECRAwLFhptu5XCaW8DGJ4QacK3KldsR8KAsNpcAoJCn8zzGTBAcCXTatJmGmWvMkgf63knW4T-pCdpltcTOrs.CaLguFvNDmNQzHHYDjtTR1hxOQaWdEhn6_bkEg6lAJ0&dib_tag=se&keywords=sony+tv&qid=1748200756&sprefix=sony+tv%2Caps%2C333&sr=8-9,Sony BRAVIA 3 Series 189 cm (75 inches) 4K Ultra HD AI Smart LED Google TV K-75S30B (Black),"1,31,990",https://m.media-amazon.com/images/W/MEDIAX_1215821-T2/images/I/81h-r-3hioL._SX679_.jpg,4.8
https://www.amazon.in/Sony-Bravia-inches-Google-KD-43X64L/dp/B0C1H9Z4DC/ref=sr_1_8?crid=3OMOLEGFR10LM&dib=eyJ2IjoiMSJ9.fCXT-fNnDJk8BEcpEukS-dellP-_UjTWuJlEBgmfTNnipDMIljPKdGqxrHyt0gk109tcJdf1tBjss5gbF0spJzkN8NZfQ6ilY4QFtbLrYsIJUw9GGYHNeFDdcb5In_49u-5po7wAJwplYgRWMDaZsRECRAwLFhptu5XCaW8DGJ4QacK3KldsR8KAsNpcAoJCn8zzGTBAcCXTatJmGmWvMkgf63knW4T-pCdpltcTOrs.CaLguFvNDmNQzHHYDjtTR1hxOQaWdEhn6_bkEg6lAJ0&dib_tag=se&keywords=sony+tv&qid=1748200756&sprefix=sony+tv%2Caps%2C333&sr=8-8,Sony Bravia 108 cm (43 inches) 4K Ultra HD Smart LED Google TV KD-43X64L (Black),"36,790",https://m.media-amazon.com/images/W/MEDIAX_1215821-T2/images/I/715-IBd7vlL._SX679_.jpg,4.7
https://www.amazon.in/Sony-BRAVIA-inches-Google-K-65S30B/dp/B0D3DW7C39/ref=sr_1_7?crid=3OMOLEGFR10LM&dib=eyJ2IjoiMSJ9.fCXT-fNnDJk8BEcpEukS-dellP-_UjTWuJlEBgmfTNnipDMIljPKdGqxrHyt0gk109tcJdf1tBjss5gbF0spJzkN8NZfQ6ilY4QFtbLrYsIJUw9GGYHNeFDdcb5In_49u-5po7wAJwplYgRWMDaZsRECRAwLFhptu5XCaW8DGJ4QacK3KldsR8KAsNpcAoJCn8zzGTBAcCXTatJmGmWvMkgf63knW4T-pCdpltcTOrs.CaLguFvNDmNQzHHYDjtTR1hxOQaWdEhn6_bkEg6lAJ0&dib_tag=se&keywords=sony+tv&qid=1748200756&sprefix=sony+tv%2Caps%2C333&sr=8-7,Sony BRAVIA 3 Series 164 cm (65 inches) 4K Ultra HD AI Smart LED Google TV K-65S30B (Black),"96,990",https://m.media-amazon.com/images/W/MEDIAX_1215821-T2/images/I/81h-r-3hioL._SX679_.jpg,4.8
https://www.amazon.in/Sony-inches-BRAVIA-Google-K-65S25B/dp/B0D3DW6YQ8/ref=sr_1_6?crid=3OMOLEGFR10LM&dib=eyJ2IjoiMSJ9.fCXT-fNnDJk8BEcpEukS-dellP-_UjTWuJlEBgmfTNnipDMIljPKdGqxrHyt0gk109tcJdf1tBjss5gbF0spJzkN8NZfQ6ilY4QFtbLrYsIJUw9GGYHNeFDdcb5In_49u-5po7wAJwplYgRWMDaZsRECRAwLFhptu5XCaW8DGJ4QacK3KldsR8KAsNpcAoJCn8zzGTBAcCXTatJmGmWvMkgf63knW4T-pCdpltcTOrs.CaLguFvNDmNQzHHYDjtTR1hxOQaWdEhn6_bkEg6lAJ0&dib_tag=se&keywords=sony+tv&qid=1748200756&sprefix=sony+tv%2Caps%2C333&sr=8-6,Sony 164 cm (65 inches) BRAVIA 2 4K Ultra HD Smart LED Google TV K-65S25B (Black),"75,490",https://m.media-amazon.com/images/W/MEDIAX_1215821-T2/images/I/81zPuf-0ETL._SX679_.jpg,4.8
https://www.amazon.in/Sony-BRAVIA-inches-Google-K-55S30B/dp/B0D3DW1CJF/ref=sr_1_5?crid=3OMOLEGFR10LM&dib=eyJ2IjoiMSJ9.fCXT-fNnDJk8BEcpEukS-dellP-_UjTWuJlEBgmfTNnipDMIljPKdGqxrHyt0gk109tcJdf1tBjss5gbF0spJzkN8NZfQ6ilY4QFtbLrYsIJUw9GGYHNeFDdcb5In_49u-5po7wAJwplYgRWMDaZsRECRAwLFhptu5XCaW8DGJ4QacK3KldsR8KAsNpcAoJCn8zzGTBAcCXTatJmGmWvMkgf63knW4T-pCdpltcTOrs.CaLguFvNDmNQzHHYDjtTR1hxOQaWdEhn6_bkEg6lAJ0&dib_tag=se&keywords=sony+tv&qid=1748200756&sprefix=sony+tv%2Caps%2C333&sr=8-5,Sony BRAVIA 3 Series 139 cm (55 inches) 4K Ultra HD AI Smart LED Google TV K-55S30B (Black),,https://m.media-amazon.com/images/W/MEDIAX_1215821-T2/images/I/81h-r-3hioL._SX679_.jpg,4.8
https://www.amazon.in/Sony-BRAVIA-inches-Google-K-43S20B/dp/B0D3DZ1SPM/ref=sr_1_4?crid=3OMOLEGFR10LM&dib=eyJ2IjoiMSJ9.fCXT-fNnDJk8BEcpEukS-dellP-_UjTWuJlEBgmfTNnipDMIljPKdGqxrHyt0gk109tcJdf1tBjss5gbF0spJzkN8NZfQ6ilY4QFtbLrYsIJUw9GGYHNeFDdcb5In_49u-5po7wAJwplYgRWMDaZsRECRAwLFhptu5XCaW8DGJ4QacK3KldsR8KAsNpcAoJCn8zzGTBAcCXTatJmGmWvMkgf63knW4T-pCdpltcTOrs.CaLguFvNDmNQzHHYDjtTR1hxOQaWdEhn6_bkEg6lAJ0&dib_tag=se&keywords=sony+tv&qid=1748200756&sprefix=sony+tv%2Caps%2C333&sr=8-4,Sony BRAVIA 2 Series 108 cm (43 inches) 4K Ultra HD Smart LED Google TV K-43S20B (Black),"39,990",https://m.media-amazon.com/images/W/MEDIAX_1215821-T2/images/I/81BENnbPpuL._SX679_.jpg,4.7
https://www.amazon.in/Sony-inches-BRAVIA-Google-K-55S25B/dp/B0D3DWFY54/ref=sr_1_3?crid=3OMOLEGFR10LM&dib=eyJ2IjoiMSJ9.fCXT-fNnDJk8BEcpEukS-dellP-_UjTWuJlEBgmfTNnipDMIljPKdGqxrHyt0gk109tcJdf1tBjss5gbF0spJzkN8NZfQ6ilY4QFtbLrYsIJUw9GGYHNeFDdcb5In_49u-5po7wAJwplYgRWMDaZsRECRAwLFhptu5XCaW8DGJ4QacK3KldsR8KAsNpcAoJCn8zzGTBAcCXTatJmGmWvMkgf63knW4T-pCdpltcTOrs.CaLguFvNDmNQzHHYDjtTR1hxOQaWdEhn6_bkEg6lAJ0&dib_tag=se&keywords=sony+tv&qid=1748200756&sprefix=sony+tv%2Caps%2C333&sr=8-3,Sony 139 cm (55 inches) BRAVIA 2 4K Ultra HD Smart LED Google TV K-55S25B (Black),"57,990",https://m.media-amazon.com/images/W/MEDIAX_1215821-T2/images/I/81zPuf-0ETL._SX679_.jpg,4.8